{"params": {"dim": 2048, "n_heads": 74, "depth": 46, "mixture_nonlin": 0.1893502691910148, "lr": 0.001078735728421247, "batch_size": 13}, "model_type": "emender", "eval_id": 9}