{"params": {"dim": 1280, "n_heads": 525, "depth": 11, "mixture_nonlin": 0.08904807627796024, "lr": 0.0024003819511059865, "batch_size": 15}, "model_type": "emender", "eval_id": 27}