{"params": {"dim": 1280, "n_heads": 310, "depth": 18, "mixture_nonlin": 0.1735358588908347, "lr": 0.0026234543777165784, "batch_size": 1}, "model_type": "emender", "eval_id": 61}