{"params": {"dim": 2048, "n_heads": 233, "depth": 15, "mixture_nonlin": 0.02414936621366149, "lr": 0.002241681600419252, "batch_size": 10}, "model_type": "emender", "eval_id": 55}