{"params": {"dim": 1408, "n_heads": 313, "depth": 15, "mixture_nonlin": 0.34102352642759026, "lr": 0.0006814697938962062, "batch_size": 40}, "model_type": "emender", "eval_id": 15}