{"params": {"dim": 1024, "n_heads": 563, "depth": 13, "mixture_nonlin": 0.08577988672190211, "lr": 0.0015504993797411657, "batch_size": 1}, "model_type": "emender", "eval_id": 50}