{"params": {"dim": 1024, "n_heads": 409, "depth": 18, "mixture_nonlin": 0.002041409800222265, "lr": 0.0016628584280724934, "batch_size": 3}, "model_type": "emender", "eval_id": 59}