{"params": {"dim": 1024, "n_heads": 699, "depth": 10, "mixture_nonlin": 0.16933932242591232, "lr": 0.0014116291944609827, "batch_size": 1}, "model_type": "emender", "eval_id": 56}