{"params": {"dim": 1024, "n_heads": 314, "depth": 24, "mixture_nonlin": 0.0011167980658682924, "lr": 0.002943036707744443, "batch_size": 2}, "model_type": "emender", "eval_id": 2}