{"params": {"dim": 1664, "n_heads": 282, "depth": 15, "mixture_nonlin": 0.09599751789982655, "lr": 0.002895607886010366, "batch_size": 2}, "model_type": "emender", "eval_id": 36}