{
  "final_acc": {
    "wd1.0_p64_d256_e97": {
      "acc": 0.7519149780273438,
      "grok_rate": 0.5,
      "n": 4
    },
    "wd1.0_p64_d256_e97-lin": {
      "acc": 0.8743438720703125,
      "grok_rate": 0.75,
      "n": 4
    },
    "wd1.0_p64_d256_gdn2": {
      "acc": 0.9996871948242188,
      "grok_rate": 1.0,
      "n": 4
    },
    "wd1.0_p64_d512_e97": {
      "acc": 0.9991836547851562,
      "grok_rate": 1.0,
      "n": 4
    },
    "wd1.0_p64_d512_e97-lin": {
      "acc": 0.9995231628417969,
      "grok_rate": 1.0,
      "n": 4
    },
    "wd1.0_p64_d512_gdn2": {
      "acc": 0.9998893737792969,
      "grok_rate": 1.0,
      "n": 4
    },
    "wd1.0_p64_d1024_e97": {
      "acc": 0.9964065551757812,
      "grok_rate": 1.0,
      "n": 4
    },
    "wd1.0_p64_d1024_e97-lin": {
      "acc": 0.9993171691894531,
      "grok_rate": 1.0,
      "n": 4
    },
    "wd1.0_p64_d1024_gdn2": {
      "acc": 0.9998016357421875,
      "grok_rate": 1.0,
      "n": 4
    },
    "wd1.0_p256_d256_e97": {
      "acc": 0.9401054382324219,
      "grok_rate": 1.0,
      "n": 4
    },
    "wd1.0_p256_d256_e97-lin": {
      "acc": 0.5804710388183594,
      "grok_rate": 0.25,
      "n": 4
    },
    "wd1.0_p256_d256_gdn2": {
      "acc": 0.9997062683105469,
      "grok_rate": 1.0,
      "n": 4
    },
    "wd1.0_p256_d512_e97": {
      "acc": 0.5870285034179688,
      "grok_rate": 0.25,
      "n": 4
    },
    "wd1.0_p256_d512_e97-lin": {
      "acc": 0.6974449157714844,
      "grok_rate": 0.25,
      "n": 4
    },
    "wd1.0_p256_d512_gdn2": {
      "acc": 0.9995193481445312,
      "grok_rate": 1.0,
      "n": 4
    },
    "wd1.0_p256_d1024_e97": {
      "acc": 0.8359947204589844,
      "grok_rate": 0.5,
      "n": 4
    },
    "wd1.0_p256_d1024_e97-lin": {
      "acc": 0.6937484741210938,
      "grok_rate": 0.25,
      "n": 4
    },
    "wd1.0_p256_d1024_gdn2": {
      "acc": 0.999725341796875,
      "grok_rate": 1.0,
      "n": 4
    },
    "wd1.0_p512_d256_e97": {
      "acc": 0.5373001098632812,
      "grok_rate": 0.0,
      "n": 4
    },
    "wd1.0_p512_d256_e97-lin": {
      "acc": 0.4343414306640625,
      "grok_rate": 0.0,
      "n": 4
    },
    "wd1.0_p512_d256_gdn2": {
      "acc": 0.9954872131347656,
      "grok_rate": 1.0,
      "n": 4
    },
    "wd1.0_p512_d512_e97": {
      "acc": 0.7322463989257812,
      "grok_rate": 0.0,
      "n": 4
    },
    "wd1.0_p512_d512_e97-lin": {
      "acc": 0.5467605590820312,
      "grok_rate": 0.0,
      "n": 4
    },
    "wd1.0_p512_d512_gdn2": {
      "acc": 0.9984092712402344,
      "grok_rate": 1.0,
      "n": 4
    },
    "wd1.0_p512_d1024_e97": {
      "acc": 0.8126411437988281,
      "grok_rate": 0.5,
      "n": 4
    },
    "wd1.0_p512_d1024_e97-lin": {
      "acc": 0.6770439147949219,
      "grok_rate": 0.5,
      "n": 4
    },
    "wd1.0_p512_d1024_gdn2": {
      "acc": 0.9992103576660156,
      "grok_rate": 1.0,
      "n": 4
    },
    "wd0.1_p64_d256_e97": {
      "acc": 0.7527580261230469,
      "grok_rate": 0.5,
      "n": 4
    },
    "wd0.1_p64_d256_e97-lin": {
      "acc": 0.6313858032226562,
      "grok_rate": 0.25,
      "n": 4
    },
    "wd0.1_p64_d256_gdn2": {
      "acc": 0.9974517822265625,
      "grok_rate": 1.0,
      "n": 4
    },
    "wd0.1_p64_d512_e97": {
      "acc": 0.8927459716796875,
      "grok_rate": 0.75,
      "n": 4
    },
    "wd0.1_p64_d512_e97-lin": {
      "acc": 0.6311264038085938,
      "grok_rate": 0.25,
      "n": 4
    },
    "wd0.1_p64_d512_gdn2": {
      "acc": 0.9998512268066406,
      "grok_rate": 1.0,
      "n": 4
    },
    "wd0.1_p64_d1024_e97": {
      "acc": 0.9771308898925781,
      "grok_rate": 1.0,
      "n": 4
    },
    "wd0.1_p64_d1024_e97-lin": {
      "acc": 0.8790626525878906,
      "grok_rate": 0.75,
      "n": 4
    },
    "wd0.1_p64_d1024_gdn2": {
      "acc": 0.9998512268066406,
      "grok_rate": 1.0,
      "n": 4
    },
    "wd0.1_p256_d256_e97": {
      "acc": 0.8238525390625,
      "grok_rate": 0.75,
      "n": 4
    },
    "wd0.1_p256_d256_e97-lin": {
      "acc": 0.6001510620117188,
      "grok_rate": 0.25,
      "n": 4
    },
    "wd0.1_p256_d256_gdn2": {
      "acc": 0.497283935546875,
      "grok_rate": 0.0,
      "n": 4
    },
    "wd0.1_p256_d512_e97": {
      "acc": 0.8330879211425781,
      "grok_rate": 0.75,
      "n": 4
    },
    "wd0.1_p256_d512_e97-lin": {
      "acc": 0.6005401611328125,
      "grok_rate": 0.25,
      "n": 4
    },
    "wd0.1_p256_d512_gdn2": {
      "acc": 0.6103096008300781,
      "grok_rate": 0.25,
      "n": 4
    },
    "wd0.1_p256_d1024_e97": {
      "acc": 0.721893310546875,
      "grok_rate": 0.5,
      "n": 4
    },
    "wd0.1_p256_d1024_e97-lin": {
      "acc": 0.5856590270996094,
      "grok_rate": 0.25,
      "n": 4
    },
    "wd0.1_p256_d1024_gdn2": {
      "acc": 0.9975814819335938,
      "grok_rate": 1.0,
      "n": 4
    },
    "wd0.1_p512_d256_e97": {
      "acc": 0.4491157531738281,
      "grok_rate": 0.0,
      "n": 4
    },
    "wd0.1_p512_d256_e97-lin": {
      "acc": 0.4488029479980469,
      "grok_rate": 0.0,
      "n": 4
    },
    "wd0.1_p512_d256_gdn2": {
      "acc": 0.4683799743652344,
      "grok_rate": 0.0,
      "n": 4
    },
    "wd0.1_p512_d512_e97": {
      "acc": 0.47698974609375,
      "grok_rate": 0.0,
      "n": 4
    },
    "wd0.1_p512_d512_e97-lin": {
      "acc": 0.5567436218261719,
      "grok_rate": 0.0,
      "n": 4
    },
    "wd0.1_p512_d512_gdn2": {
      "acc": 0.507049560546875,
      "grok_rate": 0.0,
      "n": 4
    },
    "wd0.1_p512_d1024_e97": {
      "acc": 0.5212364196777344,
      "grok_rate": 0.0,
      "n": 4
    },
    "wd0.1_p512_d1024_e97-lin": {
      "acc": 0.4456748962402344,
      "grok_rate": 0.0,
      "n": 4
    },
    "wd0.1_p512_d1024_gdn2": {
      "acc": 0.4861259460449219,
      "grok_rate": 0.0,
      "n": 4
    }
  },
  "extrap_grokked": {
    "p64_d256_e97": {
      "n": 2,
      "curve": {
        "128": 0.9983444213867188,
        "256": 0.9979133605957031,
        "512": 0.9961395263671875,
        "1024": 0.9931793212890625,
        "2048": 0.9981765747070312,
        "4096": 0.9939498901367188
      }
    },
    "p64_d256_e97-lin": {
      "n": 3,
      "curve": {
        "128": 0.995880126953125,
        "256": 0.9878743489583334,
        "512": 0.9682439168294271,
        "1024": 0.8916447957356771,
        "2048": 0.7739003499348959,
        "4096": 0.6594441731770834
      }
    },
    "p64_d256_gdn2": {
      "n": 4,
      "curve": {
        "128": 0.9896316528320312,
        "256": 0.9302825927734375,
        "512": 0.7641162872314453,
        "1024": 0.6292514801025391,
        "2048": 0.5580253601074219,
        "4096": 0.5290756225585938
      }
    },
    "p64_d512_e97": {
      "n": 4,
      "curve": {
        "128": 0.9957275390625,
        "256": 0.9931449890136719,
        "512": 0.99163818359375,
        "1024": 0.9854469299316406,
        "2048": 0.9771862030029297,
        "4096": 0.9702854156494141
      }
    },
    "p64_d512_e97-lin": {
      "n": 4,
      "curve": {
        "128": 0.9115104675292969,
        "256": 0.8915729522705078,
        "512": 0.8686885833740234,
        "1024": 0.8099231719970703,
        "2048": 0.7303123474121094,
        "4096": 0.6407890319824219
      }
    },
    "p64_d512_gdn2": {
      "n": 4,
      "curve": {
        "128": 0.9999618530273438,
        "256": 0.98956298828125,
        "512": 0.8697509765625,
        "1024": 0.70404052734375,
        "2048": 0.6016998291015625,
        "4096": 0.5576953887939453
      }
    },
    "p64_d1024_e97": {
      "n": 4,
      "curve": {
        "128": 0.9858818054199219,
        "256": 0.9824886322021484,
        "512": 0.9601516723632812,
        "1024": 0.9483566284179688,
        "2048": 0.9141445159912109,
        "4096": 0.8800754547119141
      }
    },
    "p64_d1024_e97-lin": {
      "n": 4,
      "curve": {
        "128": 0.9987640380859375,
        "256": 0.9965419769287109,
        "512": 0.9888114929199219,