{
  "d256_e97": {
    "tok_per_s": 793831.7777254097,
    "params": 2512160,
    "reps": [
      791432,
      790510,
      793832
    ]
  },
  "d256_e97-lin": {
    "tok_per_s": 967730.024024447,
    "params": 2512160,
    "reps": [
      795529,
      967730,
      951445
    ]
  },
  "d256_gdn2": {
    "tok_per_s": 569850.8519799482,
    "params": 2260320,
    "reps": [
      569851,
      522971,
      525081
    ]
  },
  "d512_e97": {
    "tok_per_s": 865484.593652393,
    "params": 8170016,
    "reps": [
      865485,
      419022,
      470687
    ]
  },
  "d512_e97-lin": {
    "tok_per_s": 996045.88710505,
    "params": 8170016,
    "reps": [
      976378,
      996046,
      953923
    ]
  },
  "d512_gdn2": {
    "tok_per_s": 554103.353124886,
    "params": 8977056,
    "reps": [
      521675,
      517958,
      554103
    ]
  },
  "d1024_e97": {
    "tok_per_s": 414882.0929922548,
    "params": 28922912,
    "reps": [
      414877,
      414882,
      413450
    ]
  },
  "d1024_e97-lin": {
    "tok_per_s": 411809.60981101915,
    "params": 28922912,
    "reps": [
      410694,
      411810,
      411218
    ]
  },
  "d1024_gdn2": {
    "tok_per_s": 328573.7435449016,
    "params": 35779872,
    "reps": [
      328574,
      324605,
      324273
    ]
  }
}