{
  "d256_e97": {
    "tok_per_s": 811496.5652366962,
    "params": 2512160,
    "reps": [
      797786,
      811497,
      801388
    ]
  },
  "d256_e97-lin": {
    "tok_per_s": 798561.5177804469,
    "params": 2512160,
    "reps": [
      798562,
      795656,
      793383
    ]
  },
  "d256_gdn2": {
    "tok_per_s": 508810.6411536762,
    "params": 2260320,
    "reps": [
      489207,
      508811,
      486746
    ]
  },
  "d512_e97": {
    "tok_per_s": 775351.6270773986,
    "params": 8170016,
    "reps": [
      602804,
      772181,
      775352
    ]
  },
  "d512_e97-lin": {
    "tok_per_s": 780901.0149972318,
    "params": 8170016,
    "reps": [
      780901,
      775003,
      773799
    ]
  },
  "d512_gdn2": {
    "tok_per_s": 492785.9710395683,
    "params": 8977056,
    "reps": [
      492786,
      479556,
      478772
    ]
  },
  "d1024_e97": {
    "tok_per_s": 410981.89259320305,
    "params": 28922912,
    "reps": [
      410982,
      408524,
      409613
    ]
  },
  "d1024_e97-lin": {
    "tok_per_s": 409322.84391481447,
    "params": 28922912,
    "reps": [
      408180,
      408357,
      409323
    ]
  },
  "d1024_gdn2": {
    "tok_per_s": 328009.95691543043,
    "params": 35779872,
    "reps": [
      328010,
      322951,
      322753
    ]
  }
}