{
  "name": "emender_wall",
  "head_type_logits": [
    3.332204510175204,
    0.0,
    -30.0,
    -30.0,
    -30.0,
    -30.0,
    -30.0,
    1.0986122886681098,
    -30.0
  ],
  "dim": 448,
  "depth": 8,
  "n_heads": 32,
  "n_state": 32,
  "lr": 0.0012,
  "batch_size": 8,
  "chunk": 512,
  "eval_chunk": 512,
  "seed": 0,
  "wall_minutes": 6.0
}