{
  "deltaC_floor50_s0": {
    "cfg": {
      "dim": 2112,
      "head_type_logits": [
        -1.2426827908909686,
        -28.456765498541962,
        -29.97388828036681,
        -29.289780094203703,
        -28.52456483818494,
        -30.0,
        -30.0,
        -0.5059263781557628
      ],
      "lr": 0.001,
      "knob_lr_mult": 1.1470526133942434,
      "batch_size": 2,
      "bf16": true,
      "lam_max": 2.42267247635037,
      "beta_max": 2.4506232209686507,
      "e97_state_nonlin": "identity"
    },
    "model_params": 1253172288,
    "params_b": 1.2532,
    "counts": {
      "gdn2_recall": 21,
      "e97_track": 0,
      "count": 0,
      "latch": 0,
      "nonlin": 0,
      "gdn2_nonlin_shell": 0,
      "e97_raw": 0,
      "e97_delta": 43
    },
    "seed": 0,
    "dtype": "bf16",
    "steps": 1367,
    "batch_size": 2,
    "tokens": 5601966,
    "compile_seconds": 16.19,
    "wall_minutes": 12.004,
    "wall_seconds_budget": 720.0,
    "token_cap": null,
    "avg_loss": 6.93792,
    "final_loss": 6.22898,
    "stop_reason": "wall_cap",
    "nan_seen": false,
    "nonfinite_grad": false,
    "sustained_tok_s": 7828.3,
    "peak_mem_mb": 21943.4,
    "heldout": {
      "heldout_nats_per_token": 5.99821,
      "tokens_per_byte": 0.25942,
      "heldout_bpb": 2.24495,
      "n_batches": 40,
      "slice": {
        "path": "/home/erikg/ndm/.wg-worktrees/agent-732/scripts/.pile_heldout_slice.txt",
        "bytes": 9999511,
        "sha256": "3e4241a946e76c31220d21ec45db3cec193d94227681357e72ca477ad77fe25a",
        "sha256_ok": true
      }
    },
    "curve": [
      [
        40980,
        4.81,
        9.23976
      ],
      [
        81960,
        9.61,
        8.72618
      ],
      [
        122940,
        14.49,
        8.66545
      ],
      [
        163920,
        19.38,
        8.14623
      ],
      [
        204900,
        24.31,
        8.16076
      ],
      [
        245880,
        29.29,
        8.46646
      ],
      [
        286860,
        34.29,
        10.55323
      ],
      [
        327840,
        39.29,
        7.99076
      ],
      [
        368820,
        44.3,
        8.83921
      ],
      [
        409800,
        49.34,
        7.8229
      ],
      [
        450780,
        54.41,
        8.12755
      ],
      [
        491760,
        59.51,
        8.2697
      ],
      [
        532740,
        64.61,
        8.08332
      ],
      [
        573720,
        69.72,
        8.03896
      ],
      [
        614700,
        74.83,
        7.84606
      ],
      [
        655680,
        79.97,
        7.88848
      ],
      [
        696660,
        85.13,
        7.98812
      ],
      [
        737640,
        90.3,
        7.91105
      ],
      [
        778620,
        95.5,
        8.12999
      ],
      [
        819600,
        100.7,
        7.71033
      ],
      [
        860580,
        105.91,
        7.584
      ],
      [
        901560,
        111.13,
        7.58772
      ],
      [
        942540,
        116.35,
        6.94636
      ],
      [
        983520,
        121.59,
        7.18902
      ],
      [
        1024500,
        126.84,
        8.37935
      ],
      [
        1065480,
        132.09,
        7.43158
      ],
      [
        1106460,
        137.35,
        7.57601
      ],
      [
        1147440,
        142.6,
        7.42661
      ],
      [
        1188420,
        148.07,
        7.2324
      ],
      [
        1229400,
        153.33,
        7.38715
      ],
      [
        1270380,
        158.61,
        7.30456
      ],
      [
        1311360,
        163.89,
        7.22054
      ],
      [
        1352340,
        169.19,
        7.85415
      ],
      [
        1393320,
        174.46,
        7.28101
      ],
      [
        1434300,
        179.75,
        7.36436
      ],
      [
        1475280,
        185.03,
        7.64556
      ],
      [
        1516260,
        190.32,
        7.70372
      ],
      [
        1557240,
        195.61,
        7.34378
      ],
      [
        1598220,
        200.89,
        6.9222
      ],
      [
        1639200,
        206.19,
        6.89433
      ],
      [
        1680180,
        211.48,
        8.06895
      ],
      [
        1721160,
        216.78,
        7.00435
      ],
      [
        1762140,
        222.09,
        6.56109
      ],
      [
        1803120,
        227.39,
        6.87259
      ],
      [
        1844100,
        232.7,
        7.3224
      ],
      [
        1885080,
        237.99,
        7.35191
      ],
      [
        1926060,
        243.27,
        7.00737
      ],
      [
        1967040,
        248.58,
        7.34891
      ],
      [
        2008020,
        253.9,
        7.28004
      ],
      [
        2049000,
        259.21,
        5.99564
      ],
      [
        2089980,
        264.52,
        6.93081
      ],
      [
        2130960,
        269.83,
        6.69409
      ],
      [
        2171940,
        275.16,
        6.92642
      ],
      [
        2212920,
        280.48,
        5.95079
      ],
      [
        2253900,
        285.78,
        7.17467
      ],
      [
        2294880,
        291.11,
        7.06711
      ],
      [
        2335860,
        296.43,
        7.24874
      ],
      [
        2376840,
        301.73,
        6.5932
      ],
      [
        2417820,
        307.06,
        6.46467
      ],
      [
        2458800,
        312.38,
        7.37728
      ],
      [
        2499780,
        317.71,
        6.99522
      ],
      [
        2540760,
        323.03,
        6.85037
      ],
      [
        2581740,
        328.35,
        6.7955
      ],
      [
        2622720,
        333.67,
        6.25495
      ],
      [
        2663700,
        338.99,
        6.9113
      ],
      [
        2704680,
        344.31,
        6.09151
      ],
      [
        2745660,
        349.63,
        6.53582
      ],
      [
        2786640,
        355.06,
        6.70551
      ],
      [
        2827620,
        360.38,
        6.85866
      ],
      [
        2868600,
        365.69,
        6.28156
      ],
      [
        2909580,
        371.01,
        6.86995
      ],
      [
        2950560,
        376.32,
        6.83653
      ],
      [
        2991540,
        381.63,
        6.73838
      ],
      [
        3032520,
        386.95,
        6.52251
      ],
      [
        3073500,
        392.26,
        6.72213
      ],
      [
        3114480,
        397.57,
        6.43986
      ],
      [
        3155460,
        402.86,
        6.0581
      ],
      [
        3196440,
        408.16,
        6.50627
      ],
      [
        3237420,
        413.46,
        7.50395
      ],
      [
        3278400,
        418.78,
        6.74097
      ],
      [
        3319380,
        424.07,
        6.47592
      ],
      [
        3360360,
        429.39,
        7.48444
      ],
      [
        3401340,
        434.7,
        6.54152
      ],
      [
        3442320,
        440.02,
        6.7253
      ],
      [
        3483300,
        445.34,
        6.71144
      ],
      [
        3524280,
        450.65,
        6.59865
      ],
      [
        3565260,
        455.97,
        6.472
      ],
      [
        3606240,
        461.3,
        7.13673
      ],
      [
        3647220,
        466.62,
        6.73105
      ],
      [
        3688200,
        471.91,
        6.86633
      ],
      [
        3729180,
        477.18,
        6.73684
      ],
      [
        3770160,
        482.5,
        6.61419
      ],
      [
        3811140,
        487.81,
        6.56347
      ],
      [
        3852120,
        493.12,
        6.95906
      ],
      [
        3893100,
        498.43,
        6.45137
      ],
      [
        3934080,
        503.74,
        6.80712
      ],
      [
        3975060,
        509.07,
        6.63271
      ],
      [
        4016040,
        514.39,
        7.03243
      ],
