{
  "config": {
    "dim": 256,
    "depth": 4,
    "n_heads": 8,
    "n_state": 32,
    "hidden": 32,
    "mlp_ratio": 2.0,
    "T": 256,
    "B": 8,
    "steps": 600,
    "lr": 0.003,
    "seed": 0,
    "eval_batches": 20,
    "max_bytes": 3000000,
    "out": "experiments/expressivity_tasks/results_mlp_mem/convergent_loss_null.json"
  },
  "mlp_mem": {
    "level": "mlp-mem-lm",
    "params": 2996736,
    "final_bpb": 3.7043250298708887,
    "last10_bpb": 3.664079438535543,
    "eval_bpb": 3.7008594934646775,
    "elapsed_s": 20.175469398498535,
    "tokens": 1228800,
    "tok_per_s": 60905.646145286104
  },
  "gdn2": {
    "level": "gdn-matched-lm",
    "params": 2996736,
    "final_bpb": 1.5634517992790302,
    "last10_bpb": 1.5085017858853724,
    "eval_bpb": 1.5489742782315676,
    "elapsed_s": 17.69384765625,
    "tokens": 1228800,
    "tok_per_s": 69447.86820101002
  },
  "matched_token_gap_bpb": 2.1518852152331096,
  "wall_ratio": 0.8769980666505228,
  "verdict": "mlp-mem WORSE"
}