{
  "config": {
    "dim": 256,
    "depth": 4,
    "n_heads": 8,
    "n_state": 32,
    "hidden": 32,
    "mlp_ratio": 2.0,
    "T": 256,
    "B": 8,
    "steps": 2000,
    "lr": 0.001,
    "seed": 0,
    "eval_batches": 20,
    "max_bytes": 3000000,
    "out": "experiments/expressivity_tasks/results_mlp_mem/convergent_loss_null_2000.json"
  },
  "mlp_mem": {
    "level": "mlp-mem-lm",
    "params": 2996736,
    "final_bpb": 3.6342933504742514,
    "last10_bpb": 3.7680263030615078,
    "eval_bpb": 3.6806729266300646,
    "elapsed_s": 54.81191062927246,
    "tokens": 4096000,
    "tok_per_s": 74728.2835605537
  },
  "gdn2": {
    "level": "gdn-matched-lm",
    "params": 2996736,
    "final_bpb": 1.1741153244726683,
    "last10_bpb": 1.234700254831388,
    "eval_bpb": 1.019635638208891,
    "elapsed_s": 56.43260955810547,
    "tokens": 4096000,
    "tok_per_s": 72582.14766380031
  },
  "matched_token_gap_bpb": 2.6610372884211735,
  "wall_ratio": 1.0295683713672164,
  "verdict": "mlp-mem WORSE"
}