{"params": {"dim": 1280, "n_heads": 330, "depth": 17, "mixture_nonlin": 0.163280257664929, "lr": 0.0029086906972846335, "batch_size": 1}, "model_type": "emender", "eval_id": 44}