{"params": {"dim": 1408, "n_heads": 111, "depth": 48, "mixture_nonlin": 0.03994888621995899, "lr": 0.0014997529017607251, "batch_size": 39}, "model_type": "emender", "eval_id": 13}