{"params": {"dim": 1024, "n_heads": 536, "depth": 13, "mixture_nonlin": 0.24081289809013973, "lr": 0.0009869854358943557, "batch_size": 3}, "model_type": "emender", "eval_id": 57}