{"params": {"dim": 2560, "n_heads": 234, "depth": 11, "mixture_nonlin": 0.16573508261464187, "lr": 0.002468938334184, "batch_size": 50}, "model_type": "emender", "eval_id": 18}