{
  "anbncn_viability": {
    "baseline": 0.5,
    "arms": {
      "e97-lin": {
        "best_test": 0.9999542236328125,
        "grokked": true,
        "min_grok_step": 500
      },
      "e97": {
        "best_test": 0.9990692138671875,
        "grokked": true,
        "min_grok_step": 500
      },
      "gdn2": {
        "best_test": 0.9855804443359375,
        "grokked": true,
        "min_grok_step": 500
      }
    }
  },
  "modular_quadratic": {
    "baseline": 0.14285714285714285,
    "arms": {
      "e97-lin": {
        "best_test": 0.9813690185546875,
        "grokked": true,
        "min_grok_step": 500
      },
      "e97": {
        "best_test": 0.985992431640625,
        "grokked": true,
        "min_grok_step": 500
      },
      "gdn2": {
        "best_test": 0.983489990234375,
        "grokked": true,
        "min_grok_step": 1500
      }
    }
  },
  "s5_permutation": {
    "baseline": 0.008333333333333333,
    "arms": {
      "e97-lin": {
        "best_test": 0.1862945556640625,
        "grokked": false,
        "min_grok_step": null
      },
      "e97": {
        "best_test": 0.1734161376953125,
        "grokked": false,
        "min_grok_step": null
      },
      "gdn2": {
        "best_test": 1.0,
        "grokked": true,
        "min_grok_step": 4000
      }
    }
  }
}