{
  "name": "cma_g12_e3",
  "head_type_logits": [
    0.0,
    -4.01762767446966,
    -30.0,
    -30.0,
    -30.0,
    -30.0,
    -30.0,
    -2.23595879641505,
    -30.0
  ],
  "dim": 448,
  "depth": 8,
  "n_heads": 32,
  "n_state": 32,
  "lr": 0.0012,
  "batch_size": 8,
  "chunk": 512,
  "eval_chunk": 512,
  "max_tokens": 6000000,
  "wall_minutes": 6.0,
  "seed": 0
}