{
  "best_avg_loss": 5.894941176470589,
  "best_eval_id": 86,
  "best_final_loss": 5.8949,
  "actual_params": 1286713448,
  "param_pct_of_1300M": -1.0220424615384616,
  "best_geometry": {
    "dim": 2176,
    "expansion": 1,
    "depth": 12,
    "n_heads": 30,
    "mlp_ratio": 3.258732449079677,
    "lr": 0.00047431158698290157,
    "batch_size": 4
  },
  "n_state": "n/a (gdn2-mlp uses expansion+head_dim, not pinned n_state)",
  "total_evals": 104,
  "generations": 13,
  "elapsed_hours": 4.472573737038506,
  "converged": true
}