{"params": {"dim": 1280, "n_heads": 385, "depth": 15, "mixture_nonlin": 0.036427783493692925, "lr": 0.0029975225206159326, "batch_size": 10}, "model_type": "emender", "eval_id": 29}