{"params": {"dim": 1536, "n_heads": 283, "depth": 17, "mixture_nonlin": 0.018655634500058284, "lr": 0.0017277571183588704, "batch_size": 8}, "model_type": "emender", "eval_id": 39}