{"params": {"dim": 1024, "n_heads": 598, "depth": 12, "mixture_nonlin": 0.15391539086272707, "lr": 0.0010210539235607212, "batch_size": 1}, "model_type": "emender", "eval_id": 62}