{"params": {"dim": 1280, "n_heads": 429, "depth": 14, "mixture_nonlin": 0.049557811338693386, "lr": 0.002999539472808909, "batch_size": 118}, "model_type": "emender", "eval_id": 25}