{
  "name": "e88",
  "checkpoint": "/tmp/e88gdn_bpb/ckpts/e88/checkpoint_step_1542000_loss_2.5970.pt",
  "step": 1542000,
  "ckpt_train_loss_nats": 2.596950294971466,
  "params": 1273191856,
  "params_billions": 1.273,
  "block_loss_nats": 1.809225082397461,
  "block_loss_sane": true,
  "tokenizer": "p50k_base",
  "tokens_scored": 2616009,
  "seq_len": 2616010,
  "bytes": 9999511,
  "bytes_per_token": 3.822,
  "nll_nats_sum": 6696445.358520508,
  "nats_per_token": 2.5597944649733653,
  "bpb": 0.9661400952828046,
  "ppl_token": 12.933158825202385,
  "context": 2048,
  "stride": 1024,
  "seconds": 2977.4,
  "batch_size": 8
}