{
  "name": "fla-gdn",
  "checkpoint": "/tmp/e88gdn_bpb/ckpts/gdn/checkpoint_step_2031000_loss_2.7303.pt",
  "step": 2031000,
  "ckpt_train_loss_nats": 2.7302789855003358,
  "params": 1352352498,
  "params_billions": 1.352,
  "block_loss_nats": 1.6022497415542603,
  "block_loss_sane": true,
  "tokenizer": "p50k_base",
  "tokens_scored": 2616009,
  "seq_len": 2616010,
  "bytes": 9999511,
  "bytes_per_token": 3.822,
  "nll_nats_sum": 6696323.5673828125,
  "nats_per_token": 2.5597479088882387,
  "bpb": 0.9661225236765155,
  "ppl_token": 12.932556721975056,
  "context": 2048,
  "stride": 1024,
  "seconds": 454.3,
  "batch_size": 8
}