{
  "name": "m2rnn",
  "checkpoint": "/tmp/e88gdn_bpb/ckpts/m2rnn/checkpoint_step_1491000_loss_2.7347.pt",
  "step": 1491000,
  "ckpt_train_loss_nats": 2.734725043773651,
  "params": 1307101140,
  "params_billions": 1.307,
  "block_loss_nats": 1.7105852365493774,
  "block_loss_sane": true,
  "tokenizer": "p50k_base",
  "tokens_scored": 2616009,
  "seq_len": 2616010,
  "bytes": 9999511,
  "bytes_per_token": 3.822,
  "nll_nats_sum": 6663033.26574707,
  "nats_per_token": 2.547022302196617,
  "bpb": 0.9613195135013596,
  "ppl_token": 12.769024819819881,
  "context": 2048,
  "stride": 1024,
  "seconds": 486.0,
  "batch_size": 8
}