{
  "128": {
    "unified-learned-free": {
      "params": 7916928,
      "ms_per_step": 124.53916249796748,
      "tok_per_s": 32889.252808865225,
      "peak_mem_gb": 3.37587968,
      "util_pct": 35.6
    },
    "unified-count": {
      "params": 7916416,
      "ms_per_step": 101.17650548927486,
      "tok_per_s": 40483.7069652914,
      "peak_mem_gb": 3.195046912,
      "util_pct": 44.0
    },
    "lstm": {
      "params": 8098496,
      "ms_per_step": 107.9099880065769,
      "tok_per_s": 37957.56144232318,
      "peak_mem_gb": 0.636667392,
      "util_pct": 43.0
    },
    "fla-gdn": {
      "params": 3025304,
      "ms_per_step": 172.51005149446428,
      "tok_per_s": 23743.5440110076,
      "peak_mem_gb": 0.677913088,
      "util_pct": 12.4
    }
  },
  "512": {
    "unified-learned-free": {
      "params": 7916928,
      "ms_per_step": 236.78152300417423,
      "tok_per_s": 69194.5882944218,
      "peak_mem_gb": 12.38583808,
      "util_pct": 60.0
    },
    "unified-count": {
      "params": 7916416,
      "ms_per_step": 182.41615146398544,
      "tok_per_s": 89816.60817043773,
      "peak_mem_gb": 12.385815552,
      "util_pct": 60.0
    },
    "lstm": {
      "params": 8098496,
      "ms_per_step": 236.9558969978243,
      "tok_per_s": 69143.66853740059,
      "peak_mem_gb": 1.610417664,
      "util_pct": 25.0
    },
    "fla-gdn": {
      "params": 3025304,
      "ms_per_step": 175.52651348523796,
      "tok_per_s": 93342.02380415834,
      "peak_mem_gb": 1.571332608,
      "util_pct": 31.2
    }
  }
}