{
  "dyck_depth_unbounded": {
    "refit-mom": [
      0.9979248046875,
      0.003303941872531662,
      3
    ],
    "refit-del": [
      0.9998779296875,
      9.529110715329587e-05,
      3
    ],
    "gdn2": [
      0.9976399739583334,
      0.001375775385910381,
      3
    ]
  },
  "modular_counter_K5": {
    "refit-mom": [
      0.966064453125,
      0.03687957143835207,
      3
    ],
    "refit-del": [
      0.9914398193359375,
      0.01158556154236601,
      3
    ],
    "gdn2": [
      0.86090087890625,
      0.1320190456141711,
      3
    ]
  },
  "modular_quadratic_K64": {
    "refit-mom": [
      1.0,
      0.0,
      3
    ],
    "refit-del": [
      1.0,
      0.0,
      3
    ],
    "gdn2": [
      0.8428802490234375,
      0.272139391563976,
      3
    ]
  },
  "mqar_recall": {
    "refit-mom": [
      0.16227213541666666,
      0.008305566941518927,
      3
    ],
    "refit-del": [
      0.170166015625,
      0.007673942209717633,
      3
    ],
    "gdn2": [
      0.9942220052083334,
      0.0017995885732011703,
      3
    ]
  },
  "parity": {
    "refit-mom": [
      1.0,
      0.0,
      3
    ],
    "refit-del": [
      1.0,
      0.0,
      3
    ],
    "gdn2": [
      1.0,
      0.0,
      3
    ]
  }
}