{"params": {"dim": 1792, "n_heads": 378, "depth": 10, "mixture_nonlin": 0.23347773538070013, "lr": 0.0011083449181198209, "batch_size": 2}, "model_type": "emender", "eval_id": 31}