{
  "best": {
    "hash": "7e69933d21e7",
    "cfg": {
      "dim": 296,
      "depth": 4,
      "n_heads": 60,
      "n_state": 16,
      "lr": 0.0009794876255136708,
      "knob_lr_mult": 5.383560350676321,
      "lam_max": 1.5852362760932275,
      "beta_max": 2.7473057747364606,
      "corner_mixture": [
        0.4015,
        0.2821,
        0.0089,
        0.3075
      ],
      "actual_params": 8005976
    },
    "fitness": 0.958914045328813,
    "per_probe": {
      "s5_permutation": 0.9999904632568359,
      "anbncn_viability": 0.9591312408447266,
      "iterated_nonlinear_map": 0.8908615112304688,
      "flag_hold_recall": 1.0,
      "mixed_probe": 0.9445870113120335
    }
  },
  "gens_run": 12,
  "best_fit_hist": [
    0.9205322458304501,
    0.9436675285053358,
    0.9438635324217897,
    0.9438635324217897,
    0.9438635324217897,
    0.9481109351665065,
    0.9501485059272324,
    0.9501485059272324,
    0.9501485059272324,
    0.9545862067823224,
    0.9545862067823224,
    0.9586517796917944,
    0.958914045328813
  ],
  "search": {
    "target_params": 8000000.0,
    "steps": 2000,
    "seeds": [
      42
    ],
    "popsize": 10,
    "lhs_samples": 16
  }
}