{"params": {"dim": 1024, "n_heads": 622, "depth": 11, "mixture_nonlin": 0.19619684521269465, "lr": 0.002876271774959343, "batch_size": 2}, "model_type": "emender", "eval_id": 58}