{
  "task": "s5_permutation",
  "pattern": [
    "typed-gdn2",
    "typed-gdn2",
    "typed-gdn2",
    "typed-gdn2"
  ],
  "dim": 256,
  "depth": 4,
  "seq_len": 128,
  "batch_size": 32,
  "lr": 0.0005,
  "seed": 42,
  "params": 7722624,
  "mlp_ratio": 2.0,
  "disable_autocast": true,
  "use_triton_e88": false,
  "linear_state": null,
  "state_activation": null,
  "use_gate": null,
  "decay_mode": null,
  "gdn_allow_neg_eigval": 1,
  "e88_pos_eigval_clamp": null,
  "e88_raw_write": null,
  "knob_lr_mult": 20.0,
  "lam_max": null,
  "beta_max": null,
  "igain_max": null,
  "corner_mixture": null,
  "head_type_logits": "-0.470004,-30.000000,-30.000000,-30.000000,-1.673976,-30.000000,-30.000000,-30.000000,-1.673976",
  "refit_has_mom": 0,
  "refit_newton_steps": null,
  "phi": null,
  "split_edit": null,
  "cplx_real_only": null,
  "cplx_nonlin_subset_frac": null,
  "cplx_nonlin_subset_phi": null,
  "cplx_dc_frac": null,
  "cplx_force_sequential": null,
  "typed_alloc": {
    "type_names": [
      "gdn2_recall",
      "e97_track",
      "count",
      "latch",
      "nonlin",
      "gdn2_nonlin_shell",
      "e97_raw",
      "e97_delta",
      "refit"
    ],
    "fractions": {
      "gdn2_recall": 0.6249998114857387,
      "e97_track": 9.357623615745776e-14,
      "count": 9.357623615745776e-14,
      "latch": 9.357623615745776e-14,
      "nonlin": 0.1875000942568498,
      "gdn2_nonlin_shell": 9.357623615745776e-14,
      "e97_raw": 9.357623615745776e-14,
      "e97_delta": 9.357623615745776e-14,
      "refit": 0.1875000942568498
    },
    "counts": {
      "gdn2_recall": 20,
      "e97_track": 0,
      "count": 0,
      "latch": 0,
      "nonlin": 6,
      "gdn2_nonlin_shell": 0,
      "e97_raw": 0,
      "e97_delta": 0,
      "refit": 6
    },
    "n_gdn": 20,
    "n_unified": 6,
    "unified_counts": [
      0,
      0,
      0,
      6
    ],
    "n_shell": 0,
    "n_e97_raw": 0,
    "n_e97_delta": 0,
    "n_refit": 6
  },
  "spec_reg": null,
  "spec_reg_weight": 1.0,
  "spec_reg_anneal": 0.5,
  "curriculum": null,
  "random_baseline_acc": 0.008333333333333333,
  "steps": [
    {
      "step": 0,
      "train_loss": 158.82470703125,
      "eval_acc": 0.0166015625,
      "eval_loss": 91.12481498718262,
      "elapsed_s": 11.068304538726807
    },
    {
      "step": 600,
      "train_loss": 4.445681571960449,
      "eval_acc": 0.06158447265625,
      "eval_loss": 4.4674766063690186,
      "elapsed_s": 73.11823034286499
    },
    {
      "step": 1200,
      "train_loss": 3.9244298934936523,
      "eval_acc": 0.13238525390625,
      "eval_loss": 4.05424690246582,
      "elapsed_s": 131.95822668075562
    },
    {
      "step": 1800,
      "train_loss": 0.0278998501598835,
      "eval_acc": 0.88555908203125,
      "eval_loss": 0.40052587538957596,
      "elapsed_s": 184.7266640663147
    },
    {
      "step": 2400,
      "train_loss": 1.2236396287335083e-05,
      "eval_acc": 1.0,
      "eval_loss": 2.8093059654565877e-05,
      "elapsed_s": 234.4630265235901
    },
    {
      "step": 3000,
      "train_loss": 3.932316758437082e-06,
      "eval_acc": 1.0,
      "eval_loss": 2.8743621314220036e-05,
      "elapsed_s": 278.15416193008423
    },
    {
      "step": 3600,
      "train_loss": 9.272680472349748e-06,
      "eval_acc": 1.0,
      "eval_loss": 1.5624780331791044e-06,
      "elapsed_s": 321.6514492034912
    },
    {
      "step": 4200,
      "train_loss": 2.0060443262082117e-07,
      "eval_acc": 1.0,
      "eval_loss": 5.7034727163340904e-08,
      "elapsed_s": 365.49716782569885
    },
    {
      "step": 4800,
      "train_loss": 5.659816451952793e-06,
      "eval_acc": 1.0,
      "eval_loss": 8.748755364607064e-08,
      "elapsed_s": 409.22827219963074
    },
    {
      "step": 5400,
      "train_loss": 4.606726520250959e-07,
      "eval_acc": 1.0,
      "eval_loss": 3.1227311403370095e-08,
      "elapsed_s": 452.8291802406311
    },
    {
      "step": 6000,
      "train_loss": 1.8713684823978838e-08,
      "eval_acc": 1.0,
      "eval_loss": 1.1175796232887336e-08,
      "elapsed_s": 496.5893061161041
    },
    {
      "step": 6600,
      "train_loss": 0.00010913375444943085,
      "eval_acc": 1.0,
      "eval_loss": 5.275048398090121e-09,
      "elapsed_s": 540.4231352806091
    },
    {
      "step": 7200,
      "train_loss": 1.006989869267727e-08,
      "eval_acc": 1.0,
      "eval_loss": 3.7256415591491177e-08,
      "elapsed_s": 583.9895443916321
    },
    {
      "step": 7800,
      "train_loss": 1.2514631109183938e-08,
      "eval_acc": 1.0,
      "eval_loss": 7.523175460377729e-08,
      "elapsed_s": 627.4695987701416
    },
    {
      "step": 8400,
      "train_loss": 2.4708917578664114e-08,
      "eval_acc": 1.0,
      "eval_loss": 2.4374406798477466e-09,
      "elapsed_s": 671.0846908092499
    },
    {
      "step": 9000,
      "train_loss": 1.3224971553427167e-05,
      "eval_acc": 1.0,
      "eval_loss": 5.7478759928758505e-09,
      "elapsed_s": 714.9484691619873
    },
    {
      "step": 9600,
      "train_loss": 1.5716062895521077e-09,
      "eval_acc": 1.0,
      "eval_loss": 2.852162391681068e-09,
      "elapsed_s": 750.1912181377411
    },
    {
      "step": 10200,
      "train_loss": 8.650484915051493e-07,
      "eval_acc": 1.0,
      "eval_loss": 7.275950918150809e-10,
      "elapsed_s": 783.5596330165863
    },
    {
      "step": 10800,
      "train_loss": 4.656611762854368e-10,
      "eval_acc": 1.0,
      "eval_loss": 4.729364313366125e-10,
      "elapsed_s": 815.6096701622009
    },
    {
      "step": 11400,
      "train_loss": 3.2305158548240342e-09,
      "eval_acc": 1.0,
      "eval_loss": 2.328305838059097e-10,
      "elapsed_s": 847.031411409378
    },
    {
      "step": 11999,
      "train_loss": 1.3358411266040093e-08,
      "eval_acc": 1.0,
      "eval_loss": 1.6734699650328144e-10,
      "elapsed_s": 878.4120173454285
    }
  ],
  "final_acc": 1.0,
  "final_loss": 5.566095413354552e-10,
  "elapsed_total_s": 878.7235198020935,
  "length_extrap": {
    "128": {
      "acc": 1.0,
      "loss": 6.657481571234469e-10,
      "B_eval": 32
    },
    "256": {
      "acc": 1.0,
      "loss": 1.928121329264343e-09,
      "B_eval": 32
    },
    "512": {
      "acc": 0.9998626708984375,
      "loss": 0.000592754557317221,
      "B_eval": 32
    }
  }
}