{
  "task": "s5_permutation",
  "pattern": [
    "typed-gdn2",
    "typed-gdn2",
    "typed-gdn2",
    "typed-gdn2"
  ],
  "dim": 256,
  "depth": 4,
  "seq_len": 128,
  "batch_size": 32,
  "lr": 0.0005,
  "seed": 123,
  "params": 9024256,
  "mlp_ratio": 2.0,
  "disable_autocast": true,
  "use_triton_e88": false,
  "linear_state": null,
  "state_activation": null,
  "use_gate": null,
  "decay_mode": null,
  "gdn_allow_neg_eigval": 1,
  "e88_pos_eigval_clamp": null,
  "e88_raw_write": null,
  "knob_lr_mult": 1.0,
  "lam_max": null,
  "beta_max": null,
  "igain_max": null,
  "corner_mixture": null,
  "head_type_logits": "-30.000000,-30.000000,-30.000000,-30.000000,-30.000000,-30.000000,-30.000000,-30.000000,0.000000",
  "refit_has_mom": 0,
  "refit_newton_steps": null,
  "phi": null,
  "split_edit": null,
  "cplx_real_only": null,
  "cplx_nonlin_subset_frac": null,
  "cplx_nonlin_subset_phi": null,
  "cplx_dc_frac": null,
  "cplx_force_sequential": null,
  "typed_alloc": {
    "type_names": [
      "gdn2_recall",
      "e97_track",
      "count",
      "latch",
      "nonlin",
      "gdn2_nonlin_shell",
      "e97_raw",
      "e97_delta",
      "refit"
    ],
    "fractions": {
      "gdn2_recall": 9.357622968833168e-14,
      "e97_track": 9.357622968833168e-14,
      "count": 9.357622968833168e-14,
      "latch": 9.357622968833168e-14,
      "nonlin": 9.357622968833168e-14,
      "gdn2_nonlin_shell": 9.357622968833168e-14,
      "e97_raw": 9.357622968833168e-14,
      "e97_delta": 9.357622968833168e-14,
      "refit": 0.9999999999992513
    },
    "counts": {
      "gdn2_recall": 0,
      "e97_track": 0,
      "count": 0,
      "latch": 0,
      "nonlin": 0,
      "gdn2_nonlin_shell": 0,
      "e97_raw": 0,
      "e97_delta": 0,
      "refit": 32
    },
    "n_gdn": 0,
    "n_unified": 0,
    "unified_counts": [
      0,
      0,
      0,
      0
    ],
    "n_shell": 0,
    "n_e97_raw": 0,
    "n_e97_delta": 0,
    "n_refit": 32
  },
  "spec_reg": null,
  "spec_reg_weight": 1.0,
  "spec_reg_anneal": 0.5,
  "curriculum": null,
  "random_baseline_acc": 0.008333333333333333,
  "steps": [
    {
      "step": 0,
      "train_loss": 243.97499084472656,
      "eval_acc": 0.01513671875,
      "eval_loss": 226.63959121704102,
      "elapsed_s": 13.609225749969482
    },
    {
      "step": 600,
      "train_loss": 4.5195817947387695,
      "eval_acc": 0.07171630859375,
      "eval_loss": 4.495870590209961,
      "elapsed_s": 73.6840832233429
    },
    {
      "step": 1200,
      "train_loss": 4.083259582519531,
      "eval_acc": 0.105712890625,
      "eval_loss": 4.259947657585144,
      "elapsed_s": 133.24562740325928
    },
    {
      "step": 1800,
      "train_loss": 4.001384735107422,
      "eval_acc": 0.1436767578125,
      "eval_loss": 4.025590181350708,
      "elapsed_s": 192.11913418769836
    },
    {
      "step": 2400,
      "train_loss": 3.2788591384887695,
      "eval_acc": 0.1883544921875,
      "eval_loss": 3.3486052751541138,
      "elapsed_s": 247.47841143608093
    },
    {
      "step": 3000,
      "train_loss": 3.1310524940490723,
      "eval_acc": 0.2166748046875,
      "eval_loss": 3.169808328151703,
      "elapsed_s": 307.3747501373291
    },
    {
      "step": 3600,
      "train_loss": 3.0411436557769775,
      "eval_acc": 0.25909423828125,
      "eval_loss": 2.9721985459327698,
      "elapsed_s": 366.5591504573822
    },
    {
      "step": 4200,
      "train_loss": 2.6915082931518555,
      "eval_acc": 0.311767578125,
      "eval_loss": 2.7381433248519897,
      "elapsed_s": 423.9593393802643
    },
    {
      "step": 4800,
      "train_loss": 2.6754744052886963,
      "eval_acc": 0.336669921875,
      "eval_loss": 2.636649191379547,
      "elapsed_s": 480.70885944366455
    },
    {
      "step": 5400,
      "train_loss": 2.2545289993286133,
      "eval_acc": 0.39306640625,
      "eval_loss": 2.394894540309906,
      "elapsed_s": 541.8157291412354
    },
    {
      "step": 6000,
      "train_loss": 2.1412038803100586,
      "eval_acc": 0.42071533203125,
      "eval_loss": 2.239602506160736,
      "elapsed_s": 602.872740983963
    },
    {
      "step": 6600,
      "train_loss": 2.030771255493164,
      "eval_acc": 0.44268798828125,
      "eval_loss": 2.176828682422638,
      "elapsed_s": 662.7317910194397
    },
    {
      "step": 7200,
      "train_loss": 1.816136360168457,
      "eval_acc": 0.5006103515625,
      "eval_loss": 1.9189491868019104,
      "elapsed_s": 723.687878370285
    },
    {
      "step": 7800,
      "train_loss": 1.6169121265411377,
      "eval_acc": 0.547119140625,
      "eval_loss": 1.7031058371067047,
      "elapsed_s": 784.6341712474823
    },
    {
      "step": 8400,
      "train_loss": 1.5426491498947144,
      "eval_acc": 0.57635498046875,
      "eval_loss": 1.5936172306537628,
      "elapsed_s": 845.4071872234344
    },
    {
      "step": 9000,
      "train_loss": 1.3768805265426636,
      "eval_acc": 0.600830078125,
      "eval_loss": 1.463646113872528,
      "elapsed_s": 905.8473877906799
    },
    {
      "step": 9600,
      "train_loss": 1.1530146598815918,
      "eval_acc": 0.65008544921875,
      "eval_loss": 1.252366453409195,
      "elapsed_s": 966.5575907230377
    },
    {
      "step": 10200,
      "train_loss": 1.130380630493164,
      "eval_acc": 0.65191650390625,
      "eval_loss": 1.2459477186203003,
      "elapsed_s": 1027.2978014945984
    },
    {
      "step": 10800,
      "train_loss": 0.6867576837539673,
      "eval_acc": 0.6925048828125,
      "eval_loss": 1.0630898773670197,
      "elapsed_s": 1084.5936300754547
    },
    {
      "step": 11400,
      "train_loss": 0.7971845865249634,
      "eval_acc": 0.709716796875,
      "eval_loss": 0.9930634796619415,
      "elapsed_s": 1143.3200500011444
    },
    {
      "step": 11999,
      "train_loss": 0.8049769401550293,
      "eval_acc": 0.72998046875,
      "eval_loss": 0.9089314341545105,
      "elapsed_s": 1203.3417744636536
    }
  ],
  "final_acc": 0.7633209228515625,
  "final_loss": 0.7997781336307526,
  "elapsed_total_s": 1204.4843964576721,
  "length_extrap": {
    "128": {
      "acc": 0.755889892578125,
      "loss": 0.8160952478647232,
      "B_eval": 32
    },
    "256": {
      "acc": 0.4013519287109375,
      "loss": 2.374898374080658,
      "B_eval": 32
    },
    "512": {
      "acc": 0.2014923095703125,
      "loss": 3.5026349127292633,
      "B_eval": 32
    }
  }
}