{
  "task": "s5_permutation",
  "pattern": [
    "typed-gdn2",
    "typed-gdn2",
    "typed-gdn2",
    "typed-gdn2"
  ],
  "dim": 256,
  "depth": 4,
  "seq_len": 128,
  "batch_size": 32,
  "lr": 0.0005,
  "seed": 123,
  "params": 8598592,
  "mlp_ratio": 2.0,
  "disable_autocast": true,
  "use_triton_e88": false,
  "linear_state": null,
  "state_activation": null,
  "use_gate": null,
  "decay_mode": null,
  "gdn_allow_neg_eigval": 1,
  "e88_pos_eigval_clamp": null,
  "e88_raw_write": null,
  "knob_lr_mult": 20.0,
  "lam_max": null,
  "beta_max": null,
  "igain_max": null,
  "corner_mixture": null,
  "head_type_logits": "-1.609438,-1.347074,-30.000000,-30.000000,-1.309333,-30.000000,-30.000000,-30.000000,-1.309333",
  "refit_has_mom": 0,
  "refit_newton_steps": null,
  "phi": null,
  "split_edit": null,
  "cplx_real_only": null,
  "cplx_nonlin_subset_frac": null,
  "cplx_nonlin_subset_phi": null,
  "cplx_dc_frac": null,
  "cplx_force_sequential": null,
  "typed_alloc": {
    "type_names": [
      "gdn2_recall",
      "e97_track",
      "count",
      "latch",
      "nonlin",
      "gdn2_nonlin_shell",
      "e97_raw",
      "e97_delta",
      "refit"
    ],
    "fractions": {
      "gdn2_recall": 0.19999996973684628,
      "e97_track": 0.25999989189637196,
      "count": 9.357622372292836e-14,
      "latch": 9.357622372292836e-14,
      "nonlin": 0.27000006918315694,
      "gdn2_nonlin_shell": 9.357622372292836e-14,
      "e97_raw": 9.357622372292836e-14,
      "e97_delta": 9.357622372292836e-14,
      "refit": 0.27000006918315694
    },
    "counts": {
      "gdn2_recall": 6,
      "e97_track": 8,
      "count": 0,
      "latch": 0,
      "nonlin": 9,
      "gdn2_nonlin_shell": 0,
      "e97_raw": 0,
      "e97_delta": 0,
      "refit": 9
    },
    "n_gdn": 6,
    "n_unified": 17,
    "unified_counts": [
      8,
      0,
      0,
      9
    ],
    "n_shell": 0,
    "n_e97_raw": 0,
    "n_e97_delta": 0,
    "n_refit": 9
  },
  "spec_reg": null,
  "spec_reg_weight": 1.0,
  "spec_reg_anneal": 0.5,
  "curriculum": null,
  "random_baseline_acc": 0.008333333333333333,
  "steps": [
    {
      "step": 0,
      "train_loss": 166.07498168945312,
      "eval_acc": 0.01513671875,
      "eval_loss": 90.31950759887695,
      "elapsed_s": 10.425331354141235
    },
    {
      "step": 600,
      "train_loss": 4.340419292449951,
      "eval_acc": 0.08642578125,
      "eval_loss": 4.375306487083435,
      "elapsed_s": 69.81605815887451
    },
    {
      "step": 1200,
      "train_loss": 0.6841457486152649,
      "eval_acc": 0.64544677734375,
      "eval_loss": 1.3298212587833405,
      "elapsed_s": 129.93014574050903
    },
    {
      "step": 1800,
      "train_loss": 0.0007332427194342017,
      "eval_acc": 0.99993896484375,
      "eval_loss": 0.0008538933761883527,
      "elapsed_s": 188.60523080825806
    },
    {
      "step": 2400,
      "train_loss": 8.830994192976505e-05,
      "eval_acc": 0.99993896484375,
      "eval_loss": 0.00020057838241882564,
      "elapsed_s": 250.88301634788513
    },
    {
      "step": 3000,
      "train_loss": 1.3814975318382494e-05,
      "eval_acc": 1.0,
      "eval_loss": 2.1072584104331327e-06,
      "elapsed_s": 310.7612316608429
    },
    {
      "step": 3600,
      "train_loss": 4.6667977585457265e-05,
      "eval_acc": 1.0,
      "eval_loss": 1.1781307840408317e-06,
      "elapsed_s": 363.59122037887573
    },
    {
      "step": 4200,
      "train_loss": 2.679659928617184e-06,
      "eval_acc": 1.0,
      "eval_loss": 1.4413754811926083e-07,
      "elapsed_s": 413.89842414855957
    },
    {
      "step": 4800,
      "train_loss": 3.0685298497701297e-06,
      "eval_acc": 1.0,
      "eval_loss": 6.859388435032088e-08,
      "elapsed_s": 457.5289309024811
    },
    {
      "step": 5400,
      "train_loss": 2.837103238562122e-06,
      "eval_acc": 1.0,
      "eval_loss": 5.394361837218753e-07,
      "elapsed_s": 500.93392062187195
    },
    {
      "step": 6000,
      "train_loss": 9.357595445180777e-06,
      "eval_acc": 1.0,
      "eval_loss": 1.4232314859974338e-07,
      "elapsed_s": 544.5272586345673
    },
    {
      "step": 6600,
      "train_loss": 1.0438610615892685e-06,
      "eval_acc": 1.0,
      "eval_loss": 3.054335184771162e-08,
      "elapsed_s": 588.3782901763916
    },
    {
      "step": 7200,
      "train_loss": 6.879057309561176e-06,
      "eval_acc": 1.0,
      "eval_loss": 5.81381801589842e-08,
      "elapsed_s": 631.9215648174286
    },
    {
      "step": 7800,
      "train_loss": 4.359983734048001e-07,
      "eval_acc": 1.0,
      "eval_loss": 1.8684723657180768e-07,
      "elapsed_s": 675.506685256958
    },
    {
      "step": 8400,
      "train_loss": 1.6942506135819713e-06,
      "eval_acc": 1.0,
      "eval_loss": 1.330736598692539e-08,
      "elapsed_s": 719.1329717636108
    },
    {
      "step": 9000,
      "train_loss": 9.373722065220136e-08,
      "eval_acc": 1.0,
      "eval_loss": 3.317670738134382e-08,
      "elapsed_s": 762.9106304645538
    },
    {
      "step": 9600,
      "train_loss": 6.585217420251865e-07,
      "eval_acc": 1.0,
      "eval_loss": 3.230022121991638e-08,
      "elapsed_s": 806.4740889072418
    },
    {
      "step": 10200,
      "train_loss": 2.208217438237625e-06,
      "eval_acc": 1.0,
      "eval_loss": 7.628760093081333e-08,
      "elapsed_s": 850.0084857940674
    },
    {
      "step": 10800,
      "train_loss": 3.5762693073593255e-07,
      "eval_acc": 1.0,
      "eval_loss": 1.7607789115636763e-09,
      "elapsed_s": 893.7481722831726
    },
    {
      "step": 11400,
      "train_loss": 7.6620572997399e-08,
      "eval_acc": 1.0,
      "eval_loss": 2.371957040503414e-09,
      "elapsed_s": 929.3569445610046
    },
    {
      "step": 11999,
      "train_loss": 2.9249940780573525e-07,
      "eval_acc": 1.0,
      "eval_loss": 2.575675561722335e-09,
      "elapsed_s": 962.777037858963
    }
  ],
  "final_acc": 1.0,
  "final_loss": 7.324933909425013e-09,
  "elapsed_total_s": 963.1718800067902,
  "length_extrap": {
    "128": {
      "acc": 1.0,
      "loss": 2.324665238084833e-09,
      "B_eval": 32
    },
    "256": {
      "acc": 0.626556396484375,
      "loss": 13.843319416046143,
      "B_eval": 32
    },
    "512": {
      "acc": 0.31641387939453125,
      "loss": 27.686413526535034,
      "B_eval": 32
    }
  }
}