{
  "task": "s5_permutation",
  "pattern": [
    "typed-gdn2",
    "typed-gdn2",
    "typed-gdn2",
    "typed-gdn2"
  ],
  "dim": 256,
  "depth": 4,
  "seq_len": 128,
  "batch_size": 32,
  "lr": 0.0005,
  "seed": 123,
  "params": 7722624,
  "mlp_ratio": 2.0,
  "disable_autocast": true,
  "use_triton_e88": false,
  "linear_state": null,
  "state_activation": null,
  "use_gate": null,
  "decay_mode": null,
  "gdn_allow_neg_eigval": 1,
  "e88_pos_eigval_clamp": null,
  "e88_raw_write": null,
  "knob_lr_mult": 20.0,
  "lam_max": null,
  "beta_max": null,
  "igain_max": null,
  "corner_mixture": null,
  "head_type_logits": "-0.470004,-30.000000,-30.000000,-30.000000,-1.673976,-30.000000,-30.000000,-30.000000,-1.673976",
  "refit_has_mom": 0,
  "refit_newton_steps": null,
  "phi": null,
  "split_edit": null,
  "cplx_real_only": null,
  "cplx_nonlin_subset_frac": null,
  "cplx_nonlin_subset_phi": null,
  "cplx_dc_frac": null,
  "cplx_force_sequential": null,
  "typed_alloc": {
    "type_names": [
      "gdn2_recall",
      "e97_track",
      "count",
      "latch",
      "nonlin",
      "gdn2_nonlin_shell",
      "e97_raw",
      "e97_delta",
      "refit"
    ],
    "fractions": {
      "gdn2_recall": 0.6249998114857387,
      "e97_track": 9.357623615745776e-14,
      "count": 9.357623615745776e-14,
      "latch": 9.357623615745776e-14,
      "nonlin": 0.1875000942568498,
      "gdn2_nonlin_shell": 9.357623615745776e-14,
      "e97_raw": 9.357623615745776e-14,
      "e97_delta": 9.357623615745776e-14,
      "refit": 0.1875000942568498
    },
    "counts": {
      "gdn2_recall": 20,
      "e97_track": 0,
      "count": 0,
      "latch": 0,
      "nonlin": 6,
      "gdn2_nonlin_shell": 0,
      "e97_raw": 0,
      "e97_delta": 0,
      "refit": 6
    },
    "n_gdn": 20,
    "n_unified": 6,
    "unified_counts": [
      0,
      0,
      0,
      6
    ],
    "n_shell": 0,
    "n_e97_raw": 0,
    "n_e97_delta": 0,
    "n_refit": 6
  },
  "spec_reg": null,
  "spec_reg_weight": 1.0,
  "spec_reg_anneal": 0.5,
  "curriculum": null,
  "random_baseline_acc": 0.008333333333333333,
  "steps": [
    {
      "step": 0,
      "train_loss": 154.51736450195312,
      "eval_acc": 0.01513671875,
      "eval_loss": 93.8275032043457,
      "elapsed_s": 13.148412466049194
    },
    {
      "step": 600,
      "train_loss": 4.474586486816406,
      "eval_acc": 0.06402587890625,
      "eval_loss": 4.466012954711914,
      "elapsed_s": 67.46853017807007
    },
    {
      "step": 1200,
      "train_loss": 3.2441365718841553,
      "eval_acc": 0.1602783203125,
      "eval_loss": 3.9019604325294495,
      "elapsed_s": 119.17213582992554
    },
    {
      "step": 1800,
      "train_loss": 0.002851479221135378,
      "eval_acc": 0.99664306640625,
      "eval_loss": 0.012208469677716494,
      "elapsed_s": 170.37526655197144
    },
    {
      "step": 2400,
      "train_loss": 1.618220267118886e-05,
      "eval_acc": 1.0,
      "eval_loss": 6.012101096075639e-06,
      "elapsed_s": 221.55523657798767
    },
    {
      "step": 3000,
      "train_loss": 3.768631358980201e-06,
      "eval_acc": 1.0,
      "eval_loss": 4.899855809981091e-07,
      "elapsed_s": 272.6174228191376
    },
    {
      "step": 3600,
      "train_loss": 1.5136455999709142e-07,
      "eval_acc": 1.0,
      "eval_loss": 1.5996635838178008e-07,
      "elapsed_s": 323.78102469444275
    },
    {
      "step": 4200,
      "train_loss": 3.301421429569018e-07,
      "eval_acc": 1.0,
      "eval_loss": 3.714349894323732e-08,
      "elapsed_s": 374.9941494464874
    },
    {
      "step": 4800,
      "train_loss": 2.3735762511023495e-07,
      "eval_acc": 1.0,
      "eval_loss": 1.6028833149661637e-08,
      "elapsed_s": 426.02610754966736
    },
    {
      "step": 5400,
      "train_loss": 8.442800947250362e-08,
      "eval_acc": 1.0,
      "eval_loss": 1.826244577785019e-08,
      "elapsed_s": 477.1707880496979
    },
    {
      "step": 6000,
      "train_loss": 3.9959207498441174e-08,
      "eval_acc": 1.0,
      "eval_loss": 5.136819525297653e-09,
      "elapsed_s": 528.2396821975708
    },
    {
      "step": 6600,
      "train_loss": 6.57752889310359e-06,
      "eval_acc": 1.0,
      "eval_loss": 7.108583610637709e-09,
      "elapsed_s": 579.3317105770111
    },
    {
      "step": 7200,
      "train_loss": 2.713992216740735e-06,
      "eval_acc": 1.0,
      "eval_loss": 1.1677739886195582e-08,
      "elapsed_s": 624.5331382751465
    },
    {
      "step": 7800,
      "train_loss": 1.676340133371923e-08,
      "eval_acc": 1.0,
      "eval_loss": 1.8117057715150153e-09,
      "elapsed_s": 665.0441741943359
    },
    {
      "step": 8400,
      "train_loss": 1.1437634839239763e-08,
      "eval_acc": 1.0,
      "eval_loss": 6.984910410484657e-10,
      "elapsed_s": 702.0679397583008
    },
    {
      "step": 9000,
      "train_loss": 1.2805663196502337e-09,
      "eval_acc": 1.0,
      "eval_loss": 4.80212454870288e-10,
      "elapsed_s": 734.6783978939056
    },
    {
      "step": 9600,
      "train_loss": 1.862642484695698e-09,
      "eval_acc": 1.0,
      "eval_loss": 2.7648622757600605e-10,
      "elapsed_s": 766.9100961685181
    },
    {
      "step": 10200,
      "train_loss": 3.201420240017683e-10,
      "eval_acc": 1.0,
      "eval_loss": 5.165925846817299e-10,
      "elapsed_s": 799.280200958252
    },
    {
      "step": 10800,
      "train_loss": 6.40284159025839e-10,
      "eval_acc": 1.0,
      "eval_loss": 8.003552811816639e-11,
      "elapsed_s": 831.8216390609741
    },
    {
      "step": 11400,
      "train_loss": 4.074534043496669e-10,
      "eval_acc": 1.0,
      "eval_loss": 5.0931692890943125e-11,
      "elapsed_s": 863.6473455429077
    },
    {
      "step": 11999,
      "train_loss": 8.7311441410165e-10,
      "eval_acc": 1.0,
      "eval_loss": 1.1277636498274735e-09,
      "elapsed_s": 895.2976288795471
    }
  ],
  "final_acc": 1.0,
  "final_loss": 3.328726681231173e-10,
  "elapsed_total_s": 895.6231925487518,
  "length_extrap": {
    "128": {
      "acc": 1.0,
      "loss": 1.0913931694153667e-10,
      "B_eval": 32
    },
    "256": {
      "acc": 1.0,
      "loss": 1.0394214866593643e-07,
      "B_eval": 32
    },
    "512": {
      "acc": 0.9508819580078125,
      "loss": 0.43235235661268234,
      "B_eval": 32
    }
  }
}