{
  "task": "s5_permutation",
  "pattern": [
    "typed-gdn2",
    "typed-gdn2",
    "typed-gdn2",
    "typed-gdn2"
  ],
  "dim": 256,
  "depth": 4,
  "seq_len": 128,
  "batch_size": 32,
  "lr": 0.0005,
  "seed": 456,
  "params": 9024256,
  "mlp_ratio": 2.0,
  "disable_autocast": true,
  "use_triton_e88": false,
  "linear_state": null,
  "state_activation": null,
  "use_gate": null,
  "decay_mode": null,
  "gdn_allow_neg_eigval": 1,
  "e88_pos_eigval_clamp": null,
  "e88_raw_write": null,
  "knob_lr_mult": 1.0,
  "lam_max": null,
  "beta_max": null,
  "igain_max": null,
  "corner_mixture": null,
  "head_type_logits": "-30.000000,-30.000000,-30.000000,-30.000000,-30.000000,-30.000000,-30.000000,-30.000000,0.000000",
  "refit_has_mom": 0,
  "refit_newton_steps": null,
  "phi": null,
  "split_edit": null,
  "cplx_real_only": null,
  "cplx_nonlin_subset_frac": null,
  "cplx_nonlin_subset_phi": null,
  "cplx_dc_frac": null,
  "cplx_force_sequential": null,
  "typed_alloc": {
    "type_names": [
      "gdn2_recall",
      "e97_track",
      "count",
      "latch",
      "nonlin",
      "gdn2_nonlin_shell",
      "e97_raw",
      "e97_delta",
      "refit"
    ],
    "fractions": {
      "gdn2_recall": 9.357622968833168e-14,
      "e97_track": 9.357622968833168e-14,
      "count": 9.357622968833168e-14,
      "latch": 9.357622968833168e-14,
      "nonlin": 9.357622968833168e-14,
      "gdn2_nonlin_shell": 9.357622968833168e-14,
      "e97_raw": 9.357622968833168e-14,
      "e97_delta": 9.357622968833168e-14,
      "refit": 0.9999999999992513
    },
    "counts": {
      "gdn2_recall": 0,
      "e97_track": 0,
      "count": 0,
      "latch": 0,
      "nonlin": 0,
      "gdn2_nonlin_shell": 0,
      "e97_raw": 0,
      "e97_delta": 0,
      "refit": 32
    },
    "n_gdn": 0,
    "n_unified": 0,
    "unified_counts": [
      0,
      0,
      0,
      0
    ],
    "n_shell": 0,
    "n_e97_raw": 0,
    "n_e97_delta": 0,
    "n_refit": 32
  },
  "spec_reg": null,
  "spec_reg_weight": 1.0,
  "spec_reg_anneal": 0.5,
  "curriculum": null,
  "random_baseline_acc": 0.008333333333333333,
  "steps": [
    {
      "step": 0,
      "train_loss": 243.57489013671875,
      "eval_acc": 0.01275634765625,
      "eval_loss": 226.13629913330078,
      "elapsed_s": 13.553924322128296
    },
    {
      "step": 600,
      "train_loss": 4.476459980010986,
      "eval_acc": 0.08184814453125,
      "eval_loss": 4.459739923477173,
      "elapsed_s": 73.3888590335846
    },
    {
      "step": 1200,
      "train_loss": 4.208380222320557,
      "eval_acc": 0.11663818359375,
      "eval_loss": 4.204964756965637,
      "elapsed_s": 132.73379921913147
    },
    {
      "step": 1800,
      "train_loss": 4.022654056549072,
      "eval_acc": 0.16046142578125,
      "eval_loss": 3.9906288385391235,
      "elapsed_s": 191.76739954948425
    },
    {
      "step": 2400,
      "train_loss": 3.8157637119293213,
      "eval_acc": 0.15667724609375,
      "eval_loss": 3.932315409183502,
      "elapsed_s": 247.22803330421448
    },
    {
      "step": 3000,
      "train_loss": 3.625983238220215,
      "eval_acc": 0.19573974609375,
      "eval_loss": 3.70358008146286,
      "elapsed_s": 307.27569556236267
    },
    {
      "step": 3600,
      "train_loss": 3.4217066764831543,
      "eval_acc": 0.24267578125,
      "eval_loss": 3.453374683856964,
      "elapsed_s": 366.68116450309753
    },
    {
      "step": 4200,
      "train_loss": 2.649024486541748,
      "eval_acc": 0.27960205078125,
      "eval_loss": 3.256576716899872,
      "elapsed_s": 424.52328300476074
    },
    {
      "step": 4800,
      "train_loss": 2.599085569381714,
      "eval_acc": 0.34722900390625,
      "eval_loss": 2.6230661869049072,
      "elapsed_s": 481.2858552932739
    },
    {
      "step": 5400,
      "train_loss": 2.358485698699951,
      "eval_acc": 0.376708984375,
      "eval_loss": 2.4069230556488037,
      "elapsed_s": 542.3993122577667
    },
    {
      "step": 6000,
      "train_loss": 2.331511974334717,
      "eval_acc": 0.4173583984375,
      "eval_loss": 2.2394939064979553,
      "elapsed_s": 603.44757771492
    },
    {
      "step": 6600,
      "train_loss": 1.844374656677246,
      "eval_acc": 0.44696044921875,
      "eval_loss": 2.13440603017807,
      "elapsed_s": 663.4348423480988
    },
    {
      "step": 7200,
      "train_loss": 1.7164607048034668,
      "eval_acc": 0.483154296875,
      "eval_loss": 1.9577881395816803,
      "elapsed_s": 724.3757960796356
    },
    {
      "step": 7800,
      "train_loss": 1.6334137916564941,
      "eval_acc": 0.5081787109375,
      "eval_loss": 1.8200181722640991,
      "elapsed_s": 785.6100862026215
    },
    {
      "step": 8400,
      "train_loss": 1.1516259908676147,
      "eval_acc": 0.5599365234375,
      "eval_loss": 1.609151691198349,
      "elapsed_s": 846.5282263755798
    },
    {
      "step": 9000,
      "train_loss": 1.2253272533416748,
      "eval_acc": 0.59161376953125,
      "eval_loss": 1.4624797701835632,
      "elapsed_s": 907.1423568725586
    },
    {
      "step": 9600,
      "train_loss": 1.1037817001342773,
      "eval_acc": 0.65252685546875,
      "eval_loss": 1.1745135486125946,
      "elapsed_s": 967.7819504737854
    },
    {
      "step": 10200,
      "train_loss": 1.015919804573059,
      "eval_acc": 0.65802001953125,
      "eval_loss": 1.122346818447113,
      "elapsed_s": 1028.4668028354645
    },
    {
      "step": 10800,
      "train_loss": 0.8894111514091492,
      "eval_acc": 0.67669677734375,
      "eval_loss": 1.0212111920118332,
      "elapsed_s": 1085.685375213623
    },
    {
      "step": 11400,
      "train_loss": 0.6555570363998413,
      "eval_acc": 0.7252197265625,
      "eval_loss": 0.8764045387506485,
      "elapsed_s": 1145.0105624198914
    },
    {
      "step": 11999,
      "train_loss": 0.6072841286659241,
      "eval_acc": 0.77874755859375,
      "eval_loss": 0.6760178655385971,
      "elapsed_s": 1204.8463649749756
    }
  ],
  "final_acc": 0.7664642333984375,
  "final_loss": 0.7242263369262218,
  "elapsed_total_s": 1205.796267747879,
  "length_extrap": {
    "128": {
      "acc": 0.764892578125,
      "loss": 0.7287269830703735,
      "B_eval": 32
    },
    "256": {
      "acc": 0.412078857421875,
      "loss": 2.23653107881546,
      "B_eval": 32
    },
    "512": {
      "acc": 0.21996307373046875,
      "loss": 3.32038277387619,
      "B_eval": 32
    }
  }
}