{
  "task": "s5_permutation",
  "pattern": [
    "typed-gdn2",
    "typed-gdn2",
    "typed-gdn2",
    "typed-gdn2"
  ],
  "dim": 256,
  "depth": 4,
  "seq_len": 128,
  "batch_size": 32,
  "lr": 0.0005,
  "seed": 456,
  "params": 7722624,
  "mlp_ratio": 2.0,
  "disable_autocast": true,
  "use_triton_e88": false,
  "linear_state": null,
  "state_activation": null,
  "use_gate": null,
  "decay_mode": null,
  "gdn_allow_neg_eigval": 1,
  "e88_pos_eigval_clamp": null,
  "e88_raw_write": null,
  "knob_lr_mult": 20.0,
  "lam_max": null,
  "beta_max": null,
  "igain_max": null,
  "corner_mixture": null,
  "head_type_logits": "-0.470004,-30.000000,-30.000000,-30.000000,-1.673976,-30.000000,-30.000000,-30.000000,-1.673976",
  "refit_has_mom": 0,
  "refit_newton_steps": null,
  "phi": null,
  "split_edit": null,
  "cplx_real_only": null,
  "cplx_nonlin_subset_frac": null,
  "cplx_nonlin_subset_phi": null,
  "cplx_dc_frac": null,
  "cplx_force_sequential": null,
  "typed_alloc": {
    "type_names": [
      "gdn2_recall",
      "e97_track",
      "count",
      "latch",
      "nonlin",
      "gdn2_nonlin_shell",
      "e97_raw",
      "e97_delta",
      "refit"
    ],
    "fractions": {
      "gdn2_recall": 0.6249998114857387,
      "e97_track": 9.357623615745776e-14,
      "count": 9.357623615745776e-14,
      "latch": 9.357623615745776e-14,
      "nonlin": 0.1875000942568498,
      "gdn2_nonlin_shell": 9.357623615745776e-14,
      "e97_raw": 9.357623615745776e-14,
      "e97_delta": 9.357623615745776e-14,
      "refit": 0.1875000942568498
    },
    "counts": {
      "gdn2_recall": 20,
      "e97_track": 0,
      "count": 0,
      "latch": 0,
      "nonlin": 6,
      "gdn2_nonlin_shell": 0,
      "e97_raw": 0,
      "e97_delta": 0,
      "refit": 6
    },
    "n_gdn": 20,
    "n_unified": 6,
    "unified_counts": [
      0,
      0,
      0,
      6
    ],
    "n_shell": 0,
    "n_e97_raw": 0,
    "n_e97_delta": 0,
    "n_refit": 6
  },
  "spec_reg": null,
  "spec_reg_weight": 1.0,
  "spec_reg_anneal": 0.5,
  "curriculum": null,
  "random_baseline_acc": 0.008333333333333333,
  "steps": [
    {
      "step": 0,
      "train_loss": 156.79962158203125,
      "eval_acc": 0.01275634765625,
      "eval_loss": 87.93408966064453,
      "elapsed_s": 13.690143346786499
    },
    {
      "step": 600,
      "train_loss": 4.4469709396362305,
      "eval_acc": 0.068603515625,
      "eval_loss": 4.432412505149841,
      "elapsed_s": 66.62796545028687
    },
    {
      "step": 1200,
      "train_loss": 1.4834954738616943,
      "eval_acc": 0.3529052734375,
      "eval_loss": 2.4844760298728943,
      "elapsed_s": 117.61070203781128
    },
    {
      "step": 1800,
      "train_loss": 0.037925731390714645,
      "eval_acc": 0.999267578125,
      "eval_loss": 0.0032910722075030208,
      "elapsed_s": 168.79169249534607
    },
    {
      "step": 2400,
      "train_loss": 0.004450313746929169,
      "eval_acc": 1.0,
      "eval_loss": 1.313855057105684e-05,
      "elapsed_s": 219.9529151916504
    },
    {
      "step": 3000,
      "train_loss": 8.354879537364468e-05,
      "eval_acc": 1.0,
      "eval_loss": 9.990732053211104e-06,
      "elapsed_s": 271.03959345817566
    },
    {
      "step": 3600,
      "train_loss": 2.712878085731063e-06,
      "eval_acc": 1.0,
      "eval_loss": 8.553919705889257e-07,
      "elapsed_s": 322.1814022064209
    },
    {
      "step": 4200,
      "train_loss": 3.5542109344532946e-07,
      "eval_acc": 1.0,
      "eval_loss": 2.350738643741579e-07,
      "elapsed_s": 373.32239508628845
    },
    {
      "step": 4800,
      "train_loss": 4.0749716845311923e-07,
      "eval_acc": 1.0,
      "eval_loss": 8.206574531044453e-08,
      "elapsed_s": 424.32832765579224
    },
    {
      "step": 5400,
      "train_loss": 3.3030522672561347e-07,
      "eval_acc": 1.0,
      "eval_loss": 8.404736195899432e-08,
      "elapsed_s": 475.49266266822815
    },
    {
      "step": 6000,
      "train_loss": 4.5355278643910424e-07,
      "eval_acc": 1.0,
      "eval_loss": 2.1616800793822222e-08,
      "elapsed_s": 526.5759019851685
    },
    {
      "step": 6600,
      "train_loss": 8.412568604398984e-06,
      "eval_acc": 1.0,
      "eval_loss": 2.465810400309465e-08,
      "elapsed_s": 577.6466307640076
    },
    {
      "step": 7200,
      "train_loss": 1.6117362520162715e-06,
      "eval_acc": 1.0,
      "eval_loss": 1.4653726898572472e-08,
      "elapsed_s": 622.3551468849182
    },
    {
      "step": 7800,
      "train_loss": 3.905469839082798e-06,
      "eval_acc": 1.0,
      "eval_loss": 2.6404016972847444e-08,
      "elapsed_s": 662.836088180542
    },
    {
      "step": 8400,
      "train_loss": 1.4279426352459268e-07,
      "eval_acc": 1.0,
      "eval_loss": 2.0045095805443225e-08,
      "elapsed_s": 699.6663436889648
    },
    {
      "step": 9000,
      "train_loss": 2.0721465716633247e-06,
      "eval_acc": 1.0,
      "eval_loss": 2.460644576984805e-08,
      "elapsed_s": 733.4225494861603
    },
    {
      "step": 9600,
      "train_loss": 4.5975949092280644e-07,
      "eval_acc": 1.0,
      "eval_loss": 8.214543489870607e-09,
      "elapsed_s": 766.2496531009674
    },
    {
      "step": 10200,
      "train_loss": 4.3100726543343626e-07,
      "eval_acc": 1.0,
      "eval_loss": 8.83295803166817e-09,
      "elapsed_s": 798.8177781105042
    },
    {
      "step": 10800,
      "train_loss": 2.459232462115324e-08,
      "eval_acc": 1.0,
      "eval_loss": 5.958997961741375e-09,
      "elapsed_s": 831.5462834835052
    },
    {
      "step": 11400,
      "train_loss": 2.892891615147164e-08,
      "eval_acc": 1.0,
      "eval_loss": 6.868491553291278e-09,
      "elapsed_s": 864.0331461429596
    },
    {
      "step": 11999,
      "train_loss": 4.173373469029684e-08,
      "eval_acc": 1.0,
      "eval_loss": 6.046286249450361e-09,
      "elapsed_s": 896.5020997524261
    }
  ],
  "final_acc": 1.0,
  "final_loss": 2.7108576314271993e-08,
  "elapsed_total_s": 896.8221986293793,
  "length_extrap": {
    "128": {
      "acc": 1.0,
      "loss": 6.122689466536713e-09,
      "B_eval": 32
    },
    "256": {
      "acc": 0.999847412109375,
      "loss": 0.0004941026434268636,
      "B_eval": 32
    },
    "512": {
      "acc": 0.9912185668945312,
      "loss": 0.045875053270719945,
      "B_eval": 32
    }
  }
}