{"params": {"dim": 1280, "n_heads": 575, "depth": 10, "mixture_nonlin": 0.14234512226544388, "lr": 0.0010241264086259924, "batch_size": 3}, "model_type": "emender", "eval_id": 63}