{"params": {"dim": 1152, "n_heads": 332, "depth": 18, "mixture_nonlin": 0.27926536740983965, "lr": 0.0014013694006554352, "batch_size": 3}, "model_type": "emender", "eval_id": 38}