{"params": {"dim": 1152, "n_heads": 397, "depth": 16, "mixture_nonlin": 0.062631127994827, "lr": 0.000243697031597468, "batch_size": 10}, "model_type": "emender", "eval_id": 6}