{"params": {"dim": 1536, "n_heads": 329, "depth": 14, "mixture_nonlin": 0.10973674176195873, "lr": 0.0012525677756797793, "batch_size": 1}, "model_type": "emender", "eval_id": 47}