{"params": {"dim": 1024, "n_heads": 470, "depth": 15, "mixture_nonlin": 0.1885419701716869, "lr": 0.002209758189136914, "batch_size": 4}, "model_type": "emender", "eval_id": 37}