{
  "cfg": {
    "arch": "G",
    "dim": 2240,
    "head_type_logits": [
      0.0,
      -30.0,
      -30.0,
      -30.0,
      -30.0,
      -30.0,
      -30.0,
      -30.0
    ],
    "e97_state_nonlin": "tanh",
    "use_chunked_e97_delta": false,
    "overlap_streams": true,
    "mlp_ratio": 2.6944444444444446,
    "batch_size": 2,
    "bf16": true,
    "lr": 0.0008,
    "knob_lr_mult": 11.0,
    "lam_max": 1.3,
    "beta_max": 3.35
  },
  "model_params": 1258890688,
  "params_b": 1.2589,
  "counts": {
    "gdn2_recall": 64,
    "e97_track": 0,
    "count": 0,
    "latch": 0,
    "nonlin": 0,
    "gdn2_nonlin_shell": 0,
    "e97_raw": 0,
    "e97_delta": 0
  },
  "seed": 1,
  "dtype": "bf16",
  "steps": 1298,
  "batch_size": 2,
  "tokens": 5319204,
  "compile_seconds": 15.81,
  "wall_minutes": 17.24,
  "wall_seconds_budget": 1440.0,
  "token_cap": 5319204,
  "avg_loss": 6.32041,
  "final_loss": 5.72929,
  "stop_reason": "token_cap",
  "nan_seen": false,
  "nonfinite_grad": false,
  "sustained_tok_s": 5168.5,
  "peak_mem_mb": 20644.9,
  "heldout": {
    "heldout_nats_per_token": 5.56415,
    "tokens_per_byte": 0.25942,
    "heldout_bpb": 2.08249,
    "n_batches": 40,
    "slice": {
      "path": "/home/erikg/ndm/.wg-worktrees/agent-732/scripts/.pile_heldout_slice.txt",
      "bytes": 9999511,
      "sha256": "3e4241a946e76c31220d21ec45db3cec193d94227681357e72ca477ad77fe25a",
      "sha256_ok": true
    }
  },
  "curve": [
    [
      40980,
      7.75,
      8.70533
    ],
    [
      81960,
      15.56,
      7.9267
    ],
    [
      122940,
      23.38,
      8.02951
    ],
    [
      163920,
      31.19,
      7.95831
    ],
    [
      204900,
      39.04,
      7.64809
    ],
    [
      245880,
      47.62,
      7.70906
    ],
    [
      286860,
      55.51,
      8.09185
    ],
    [
      327840,
      63.43,
      7.56933
    ],
    [
      368820,
      71.36,
      7.53696
    ],
    [
      409800,
      79.32,
      6.33642
    ],
    [
      450780,
      87.23,
      7.96862
    ],
    [
      491760,
      95.19,
      7.95138
    ],
    [
      532740,
      103.14,
      7.3198
    ],
    [
      573720,
      111.07,
      7.1214
    ],
    [
      614700,
      119.01,
      6.88206
    ],
    [
      655680,
      126.95,
      7.31315
    ],
    [
      696660,
      134.89,
      6.79694
    ],
    [
      737640,
      142.83,
      6.16888
    ],
    [
      778620,
      150.78,
      6.14937
    ],
    [
      819600,
      158.71,
      7.33108
    ],
    [
      860580,
      166.66,
      6.96187
    ],
    [
      901560,
      174.6,
      7.29644
    ],
    [
      942540,
      182.56,
      6.84033
    ],
    [
      983520,
      190.38,
      6.80434
    ],
    [
      1024500,
      198.33,
      7.22963
    ],
    [
      1065480,
      206.31,
      6.76906
    ],
    [
      1106460,
      214.29,
      6.99778
    ],
    [
      1147440,
      222.29,
      6.73223
    ],
    [
      1188420,
      230.27,
      6.62744
    ],
    [
      1229400,
      238.23,
      6.86279
    ],
    [
      1270380,
      246.21,
      6.33159
    ],
    [
      1311360,
      254.18,
      6.58004
    ],
    [
      1352340,
      262.18,
      5.76256
    ],
    [
      1393320,
      270.17,
      8.00834
    ],
    [
      1434300,
      278.16,
      6.49464
    ],
    [
      1475280,
      286.15,
      6.95661
    ],
    [
      1516260,
      294.13,
      6.04776
    ],
    [
      1557240,
      302.13,
      7.1948
    ],
    [
      1598220,
      310.15,
      6.11013
    ],
    [
      1639200,
      318.18,
      6.24626
    ],
    [
      1680180,
      326.19,
      6.10885
    ],
    [
      1721160,
      334.21,
      7.1031
    ],
    [
      1762140,
      342.24,
      6.30355
    ],
    [
      1803120,
      350.26,
      6.66409
    ],
    [
      1844100,
      358.28,
      5.74233
    ],
    [
      1885080,
      366.26,
      6.93433
    ],
    [
      1926060,
      374.22,
      6.70503
    ],
    [
      1967040,
      382.22,
      5.93398
    ],
    [
      2008020,
      390.16,
      6.61485
    ],
    [
      2049000,
      398.13,
      6.71197
    ],
    [
      2089980,
      406.1,
      6.09611
    ],
    [
      2130960,
      414.07,
      6.07486
    ],
    [
      2171940,
      422.02,
      5.75058
    ],
    [
      2212920,
      430.03,
      5.65659
    ],
    [
      2253900,
      437.98,
      6.57974
    ],
    [
      2294880,
      445.92,
      5.89937
    ],
    [
      2335860,
      454.05,
      5.73786
    ],
    [
      2376840,
      462.05,
      6.3408
    ],
    [
      2417820,
      470.03,
      5.82209
    ],
    [
      2458800,
      478.05,
      7.03917
    ],
    [
      2499780,
      486.06,
      5.87687
    ],
    [
      2540760,
      494.03,
      7.49533
    ],
    [
      2581740,
      502.02,
      6.26799
    ],
    [
      2622720,
      510.01,
      5.39657
    ],
    [
      2663700,
      517.98,
      6.98101
    ],
    [
      2704680,
      525.97,
      6.08199
    ],
    [
      2745660,
      533.95,
      6.09201
    ],
    [
      2786640,
      541.92,
      6.70555
    ],
    [
      2827620,
      549.88,
      6.11196
    ],
    [
      2868600,
      557.85,
      6.16669
    ],
    [
      2909580,
      565.82,
      5.05256
    ],
    [
      2950560,
      573.81,
      5.55009
    ],
    [
      2991540,
      581.79,
      5.68421
    ],
    [
      3032520,
      589.57,
      6.47268
    ],
    [
      3073500,
      597.58,
      6.22667
    ],
    [
      3114480,
      605.58,
      6.67673
    ],
    [
      3155460,
      613.56,
      5.65458
    ],
    [
      3196440,
      621.57,
      6.24183
    ],
    [
      3237420,
      629.57,
      5.94546
    ],
    [
      3278400,
      637.55,
      5.88778
    ],
    [
      3319380,
      645.52,
      5.96726
    ],
    [
      3360360,
      653.48,
      6.51363
    ],
    [
      3401340,
      661.48,
      5.7479
    ],
    [
      3442320,
      669.43,
      5.50608
    ],
    [
      3483300,
      677.41,
      5.27834
    ],
    [
      3524280,
      685.39,
      5.81423
    ],
    [
      3565260,
      693.36,
      5.79327
    ],
    [
      3606240,
      701.32,
      6.14175
    ],
    [
      3647220,
      709.3,
      5.71407
    ],
    [
      3688200,
      717.3,
      4.54736
    ],
    [
      3729180,
      725.29,
      5.84274
    ],
    [
      3770160,
      733.28,
      6.74222
    ],
    [
      3811140,
      741.28,
      6.01193
    ],
    [
      3852120,
      749.26,
      5.37612
    ],
    [
      3893100,
      757.28,
      6.48267
    ],
    [
      3934080,
      765.27,
      6.58801
    ],
    [
      3975060,
      773.26,
      5.35655
    ],
    [
      4016040,
      781.26,
      6.00685
    ],
    [
      4057020,
      789.29,
      5.89624
    ],
    [
      4098000,
      797.26,
      6.08044
    ],
    [
      4138980,
      805.26,
      6.0735
    ],
    [
      4179960,
      813.21,
      5.46789
    ],
    [
      4220940,
      821.19,
      5.92623
    ],
    [
      4261920,
      829.18,
      5.79243
    ],
    [
      4302900,
      837.17,
      5.6716
    ],
    [
      4343880,
      845.14,
      5.57625
    ],
    [
      4384860,
      853.16,
      6.07758
    ],
    [
      4425840,
      861.17,
      5.90779
    ],
    [
      4466820,
      869.15,
      5.10086
    ],
    [
      4507800,
      877.14,
      6.3016
    ],
    [
      4548780,
      885.08,
      5.86195
    ],
    [
      4589760,
      893.05,
      5.38891
    ],
    [
      4630740,
      901.01,
      5.7115
    ],
    [
      4671720,
      908.94,
      4.55626
    ],
    [
      4712700,
      916.89,
      5.40262
    ],
    [
      4753680,
      924.88,
      6.24083
    ],
    [
      4794660,
      932.81,
      5.97468
    ],
    [
      4835640,
      940.76,
      5.64552
