{
  "cfg": {
    "arch": "G",
    "dim": 2240,
    "head_type_logits": [
      0.0,
      -30.0,
      -30.0,
      -30.0,
      -30.0,
      -30.0,
      -30.0,
      -30.0
    ],
    "e97_state_nonlin": "tanh",
    "use_chunked_e97_delta": false,
    "overlap_streams": true,
    "mlp_ratio": 2.6944444444444446,
    "batch_size": 2,
    "bf16": true,
    "lr": 0.0008,
    "knob_lr_mult": 11.0,
    "lam_max": 1.3,
    "beta_max": 3.35
  },
  "model_params": 1258890688,
  "params_b": 1.2589,
  "counts": {
    "gdn2_recall": 64,
    "e97_track": 0,
    "count": 0,
    "latch": 0,
    "nonlin": 0,
    "gdn2_nonlin_shell": 0,
    "e97_raw": 0,
    "e97_delta": 0
  },
  "seed": 0,
  "dtype": "bf16",
  "steps": 1298,
  "batch_size": 2,
  "tokens": 5319204,
  "compile_seconds": 13.69,
  "wall_minutes": 12.771,
  "wall_seconds_budget": 1440.0,
  "token_cap": 5319204,
  "avg_loss": 6.33558,
  "final_loss": 5.72278,
  "stop_reason": "token_cap",
  "nan_seen": false,
  "nonfinite_grad": false,
  "sustained_tok_s": 7257.0,
  "peak_mem_mb": 20644.9,
  "heldout": {
    "heldout_nats_per_token": 5.53852,
    "tokens_per_byte": 0.25942,
    "heldout_bpb": 2.0729,
    "n_batches": 40,
    "slice": {
      "path": "/home/erikg/ndm/.wg-worktrees/agent-732/scripts/.pile_heldout_slice.txt",
      "bytes": 9999511,
      "sha256": "3e4241a946e76c31220d21ec45db3cec193d94227681357e72ca477ad77fe25a",
      "sha256_ok": true
    }
  },
  "curve": [
    [
      40980,
      6.06,
      9.16928
    ],
    [
      81960,
      12.41,
      8.437
    ],
    [
      122940,
      18.81,
      8.6866
    ],
    [
      163920,
      25.25,
      7.98452
    ],
    [
      204900,
      31.75,
      8.04941
    ],
    [
      245880,
      38.27,
      8.04091
    ],
    [
      286860,
      44.81,
      7.77918
    ],
    [
      327840,
      51.34,
      7.45468
    ],
    [
      368820,
      57.86,
      7.29035
    ],
    [
      409800,
      64.39,
      7.14339
    ],
    [
      450780,
      70.91,
      6.79116
    ],
    [
      491760,
      77.56,
      7.6144
    ],
    [
      532740,
      84.17,
      7.11764
    ],
    [
      573720,
      90.83,
      7.33692
    ],
    [
      614700,
      97.42,
      7.11678
    ],
    [
      655680,
      104.04,
      7.15159
    ],
    [
      696660,
      110.67,
      7.32103
    ],
    [
      737640,
      117.27,
      7.17498
    ],
    [
      778620,
      123.89,
      7.47088
    ],
    [
      819600,
      130.52,
      6.66313
    ],
    [
      860580,
      137.19,
      6.97061
    ],
    [
      901560,
      143.47,
      6.76001
    ],
    [
      942540,
      150.1,
      5.67625
    ],
    [
      983520,
      156.6,
      5.9375
    ],
    [
      1024500,
      163.28,
      7.97846
    ],
    [
      1065480,
      169.9,
      6.74071
    ],
    [
      1106460,
      176.46,
      7.03648
    ],
    [
      1147440,
      183.05,
      6.80079
    ],
    [
      1188420,
      189.69,
      6.49641
    ],
    [
      1229400,
      196.26,
      6.46927
    ],
    [
      1270380,
      202.94,
      6.63438
    ],
    [
      1311360,
      209.56,
      6.55822
    ],
    [
      1352340,
      216.27,
      5.88681
    ],
    [
      1393320,
      222.86,
      6.65445
    ],
    [
      1434300,
      229.48,
      6.74065
    ],
    [
      1475280,
      236.3,
      7.24155
    ],
    [
      1516260,
      242.91,
      7.07727
    ],
    [
      1557240,
      249.56,
      6.70039
    ],
    [
      1598220,
      256.18,
      6.10429
    ],
    [
      1639200,
      262.82,
      6.31079
    ],
    [
      1680180,
      269.51,
      7.5531
    ],
    [
      1721160,
      276.17,
      6.32817
    ],
    [
      1762140,
      282.88,
      5.57038
    ],
    [
      1803120,
      289.54,
      6.35724
    ],
    [
      1844100,
      296.21,
      6.62528
    ],
    [
      1885080,
      302.81,
      6.61224
    ],
    [
      1926060,
      309.44,
      5.93522
    ],
    [
      1967040,
      316.04,
      6.73701
    ],
    [
      2008020,
      322.68,
      6.35552
    ],
    [
      2049000,
      329.34,
      4.79213
    ],
    [
      2089980,
      336.03,
      6.40408
    ],
    [
      2130960,
      342.67,
      5.87071
    ],
    [
      2171940,
      349.3,
      6.33917
    ],
    [
      2212920,
      355.99,
      5.29411
    ],
    [
      2253900,
      362.47,
      6.05232
    ],
    [
      2294880,
      368.95,
      6.57535
    ],
    [
      2335860,
      375.59,
      6.73148
    ],
    [
      2376840,
      382.14,
      5.76508
    ],
    [
      2417820,
      388.75,
      5.75212
    ],
    [
      2458800,
      395.4,
      6.67144
    ],
    [
      2499780,
      402.06,
      6.47954
    ],
    [
      2540760,
      408.74,
      6.0864
    ],
    [
      2581740,
      415.37,
      6.22122
    ],
    [
      2622720,
      421.95,
      5.29829
    ],
    [
      2663700,
      428.59,
      6.30789
    ],
    [
      2704680,
      435.08,
      5.6473
    ],
    [
      2745660,
      441.72,
      5.7956
    ],
    [
      2786640,
      448.25,
      6.1914
    ],
    [
      2827620,
      454.73,
      6.24784
    ],
    [
      2868600,
      461.39,
      5.57192
    ],
    [
      2909580,
      468.06,
      6.22993
    ],
    [
      2950560,
      474.64,
      6.14632
    ],
    [
      2991540,
      481.26,
      6.28817
    ],
    [
      3032520,
      487.88,
      5.91311
    ],
    [
      3073500,
      494.49,
      6.14267
    ],
    [
      3114480,
      501.13,
      6.04442
    ],
    [
      3155460,
      507.72,
      5.28455
    ],
    [
      3196440,
      514.36,
      6.08122
    ],
    [
      3237420,
      520.97,
      6.71269
    ],
    [
      3278400,
      527.64,
      5.6888
    ],
    [
      3319380,
      534.26,
      5.9884
    ],
    [
      3360360,
      540.89,
      6.94752
    ],
    [
      3401340,
      547.56,
      5.98851
    ],
    [
      3442320,
      554.28,
      6.17658
    ],
    [
      3483300,
      560.84,
      6.07168
    ],
    [
      3524280,
      567.22,
      5.73655
    ],
    [
      3565260,
      573.76,
      5.77254
    ],
    [
      3606240,
      580.42,
      6.55844
    ],
    [
      3647220,
      587.07,
      6.20407
    ],
    [
      3688200,
      593.07,
      6.29254
    ],
    [
      3729180,
      598.44,
      6.2315
    ],
    [
      3770160,
      602.76,
      6.05802
    ],
    [
      3811140,
      607.09,
      5.93656
    ],
    [
      3852120,
      611.64,
      6.46069
    ],
    [
      3893100,
      615.96,
      5.9194
    ],
    [
      3934080,
      620.29,
      6.37146
    ],
    [
      3975060,
      624.61,
      6.20624
    ],
    [
      4016040,
      628.93,
      6.63738
    ],
    [
      4057020,
      633.25,
      6.40434
    ],
    [
      4098000,
      637.58,
      6.28677
    ],
    [
      4138980,
      641.9,
      4.82495
    ],
    [
      4179960,
      646.21,
      5.97847
    ],
    [
      4220940,
      650.54,
      6.27417
    ],
    [
      4261920,
      654.86,
      6.08667
    ],
    [
      4302900,
      659.18,
      5.23706
    ],
    [
      4343880,
      663.5,
      5.78869
    ],
    [
      4384860,
      667.83,
      4.9232
    ],
    [
      4425840,
      672.14,
      4.56302
    ],
    [
      4466820,
      676.46,
      6.15674
    ],
    [
      4507800,
      680.79,
      5.02906
    ],
    [
      4548780,
      685.11,
      6.77632
    ],
    [
      4589760,
      689.43,
      5.71037
    ],
    [
      4630740,
      693.75,
      5.99791
    ],
    [
      4671720,
      698.07,
      5.82856
    ],
    [
      4712700,
      702.38,
      5.70391
    ],
    [
      4753680,
      706.69,
      5.82879
    ],
    [
      4794660,
      711.01,
      5.36992
    ],
    [
      4835640,
      715.32,
      5.81689
    ],
    [
