{
  "cfg": {
    "arch": "G",
    "dim": 2240,
    "head_type_logits": [
      0.0,
      -30.0,
      -30.0,
      -30.0,
      -30.0,
      -30.0,
      -30.0,
      -30.0
    ],
    "e97_state_nonlin": "tanh",
    "use_chunked_e97_delta": false,
    "overlap_streams": true,
    "mlp_ratio": 2.6944444444444446,
    "batch_size": 2,
    "bf16": true,
    "lr": 0.0008,
    "knob_lr_mult": 11.0,
    "lam_max": 1.3,
    "beta_max": 3.35
  },
  "model_params": 1258890688,
  "params_b": 1.2589,
  "counts": {
    "gdn2_recall": 64,
    "e97_track": 0,
    "count": 0,
    "latch": 0,
    "nonlin": 0,
    "gdn2_nonlin_shell": 0,
    "e97_raw": 0,
    "e97_delta": 0
  },
  "seed": 1,
  "dtype": "bf16",
  "steps": 1653,
  "batch_size": 2,
  "tokens": 6773994,
  "compile_seconds": 9.43,
  "wall_minutes": 12.005,
  "wall_seconds_budget": 720.0,
  "token_cap": null,
  "avg_loss": 6.17635,
  "final_loss": 5.47259,
  "stop_reason": "wall_cap",
  "nan_seen": false,
  "nonfinite_grad": false,
  "sustained_tok_s": 9495.3,
  "peak_mem_mb": 20644.9,
  "heldout": {
    "heldout_nats_per_token": 5.43653,
    "tokens_per_byte": 0.25942,
    "heldout_bpb": 2.03472,
    "n_batches": 40,
    "slice": {
      "path": "/home/erikg/ndm/.wg-worktrees/agent-732/scripts/.pile_heldout_slice.txt",
      "bytes": 9999511,
      "sha256": "3e4241a946e76c31220d21ec45db3cec193d94227681357e72ca477ad77fe25a",
      "sha256_ok": true
    }
  },
  "curve": [
    [
      40980,
      4.32,
      8.686
    ],
    [
      81960,
      8.26,
      7.92833
    ],
    [
      122940,
      12.22,
      8.01847
    ],
    [
      163920,
      16.2,
      7.92888
    ],
    [
      204900,
      20.2,
      7.56952
    ],
    [
      245880,
      24.22,
      7.68949
    ],
    [
      286860,
      28.25,
      7.94731
    ],
    [
      327840,
      32.3,
      7.58405
    ],
    [
      368820,
      36.37,
      7.59302
    ],
    [
      409800,
      40.91,
      6.41825
    ],
    [
      450780,
      45.02,
      7.99982
    ],
    [
      491760,
      49.14,
      7.93556
    ],
    [
      532740,
      53.28,
      7.47314
    ],
    [
      573720,
      57.45,
      7.14544
    ],
    [
      614700,
      61.63,
      6.90781
    ],
    [
      655680,
      65.81,
      7.30457
    ],
    [
      696660,
      70.01,
      6.80763
    ],
    [
      737640,
      74.21,
      6.21272
    ],
    [
      778620,
      78.43,
      6.22493
    ],
    [
      819600,
      82.66,
      7.23131
    ],
    [
      860580,
      86.91,
      7.01123
    ],
    [
      901560,
      91.17,
      7.32383
    ],
    [
      942540,
      95.44,
      6.87147
    ],
    [
      983520,
      99.72,
      6.83373
    ],
    [
      1024500,
      104.01,
      7.2346
    ],
    [
      1065480,
      108.31,
      6.82238
    ],
    [
      1106460,
      112.61,
      7.04743
    ],
    [
      1147440,
      116.9,
      6.72989
    ],
    [
      1188420,
      121.19,
      6.61988
    ],
    [
      1229400,
      125.5,
      6.79869
    ],
    [
      1270380,
      129.82,
      6.40051
    ],
    [
      1311360,
      134.15,
      6.60785
    ],
    [
      1352340,
      138.49,
      5.80205
    ],
    [
      1393320,
      142.84,
      7.67841
    ],
    [
      1434300,
      147.17,
      6.53989
    ],
    [
      1475280,
      151.52,
      6.96162
    ],
    [
      1516260,
      156.06,
      6.07505
    ],
    [
      1557240,
      160.41,
      7.29255
    ],
    [
      1598220,
      164.77,
      6.14543
    ],
    [
      1639200,
      169.13,
      6.2418
    ],
    [
      1680180,
      173.49,
      6.12614
    ],
    [
      1721160,
      177.86,
      7.16467
    ],
    [
      1762140,
      182.23,
      6.31191
    ],
    [
      1803120,
      186.61,
      6.65824
    ],
    [
      1844100,
      190.99,
      5.76024
    ],
    [
      1885080,
      195.36,
      6.91318
    ],
    [
      1926060,
      199.75,
      6.69336
    ],
    [
      1967040,
      204.14,
      5.93227
    ],
    [
      2008020,
      208.52,
      6.63714
    ],
    [
      2049000,
      212.92,
      6.72029
    ],
    [
      2089980,
      217.32,
      6.14421
    ],
    [
      2130960,
      221.72,
      6.04648
    ],
    [
      2171940,
      226.12,
      5.80249
    ],
    [
      2212920,
      230.52,
      5.66404
    ],
    [
      2253900,
      234.92,
      6.58982
    ],
    [
      2294880,
      239.31,
      5.86054
    ],
    [
      2335860,
      243.71,
      5.70496
    ],
    [
      2376840,
      248.11,
      6.35288
    ],
    [
      2417820,
      252.51,
      5.81904
    ],
    [
      2458800,
      256.91,
      7.05128
    ],
    [
      2499780,
      261.31,
      5.89683
    ],
    [
      2540760,
      265.71,
      7.52813
    ],
    [
      2581740,
      270.11,
      6.29374
    ],
    [
      2622720,
      274.5,
      5.38697
    ],
    [
      2663700,
      278.9,
      7.03519
    ],
    [
      2704680,
      283.3,
      6.09297
    ],
    [
      2745660,
      287.7,
      6.10858
    ],
    [
      2786640,
      292.1,
      6.75266
    ],
    [
      2827620,
      296.5,
      6.11315
    ],
    [
      2868600,
      300.9,
      6.17909
    ],
    [
      2909580,
      305.3,
      5.15509
    ],
    [
      2950560,
      309.69,
      5.53827
    ],
    [
      2991540,
      314.09,
      5.69426
    ],
    [
      3032520,
      318.49,
      6.53924
    ],
    [
      3073500,
      322.89,
      6.23145
    ],
    [
      3114480,
      327.29,
      6.62377
    ],
    [
      3155460,
      331.68,
      5.66721
    ],
    [
      3196440,
      336.09,
      6.22744
    ],
    [
      3237420,
      340.48,
      5.96798
    ],
    [
      3278400,
      344.88,
      5.90196
    ],
    [
      3319380,
      349.28,
      5.97146
    ],
    [
      3360360,
      353.68,
      6.49423
    ],
    [
      3401340,
      358.08,
      5.73533
    ],
    [
      3442320,
      362.48,
      5.49405
    ],
    [
      3483300,
      366.88,
      5.27085
    ],
    [
      3524280,
      371.28,
      5.78879
    ],
    [
      3565260,
      375.67,
      5.80404
    ],
    [
      3606240,
      380.07,
      6.1819
    ],
    [
      3647220,
      384.47,
      5.73053
    ],
    [
      3688200,
      388.86,
      4.57036
    ],
    [
      3729180,
      393.25,
      5.83068
    ],
    [
      3770160,
      397.64,
      6.74653
    ],
    [
      3811140,
      402.04,
      6.02393
    ],
    [
      3852120,
      406.66,
      5.4006
    ],
    [
      3893100,
      411.06,
      6.50383
    ],
    [
      3934080,
      415.46,
      6.5988
    ],
    [
      3975060,
      419.86,
      5.34683
    ],
    [
      4016040,
      424.26,
      5.99947
    ],
    [
      4057020,
      428.66,
      5.93803
    ],
    [
      4098000,
      433.05,
      6.05558
    ],
    [
      4138980,
      437.45,
      6.0823
    ],
    [
      4179960,
      441.85,
      5.4425
    ],
    [
      4220940,
      446.25,
      5.94386
    ],
    [
      4261920,
      450.65,
      5.82389
    ],
    [
      4302900,
      455.05,
      5.67647
    ],
    [
      4343880,
      459.45,
      5.55994
    ],
    [
      4384860,
      463.84,
      6.10998
    ],
    [
      4425840,
      468.24,
      5.89797
    ],
    [
      4466820,
      472.64,
      5.11051
    ],
    [
      4507800,
      477.04,
      6.31682
    ],
    [
      4548780,
      481.44,
      5.87014
    ],
    [
      4589760,
      485.84,
      5.39465
    ],
    [
      4630740,
      490.23,
      5.70048
    ],
    [
      4671720,
      494.63,
      4.44244
    ],
    [
      4712700,
      499.03,
      5.40411
    ],
    [
      4753680,
      503.43,
      6.25807
    ],
    [
      4794660,
      507.83,
      6.00148
    ],
    [
      4835640,
      512.23,
      5.67112
    ],
    [
      4876620,
