{
  "cfg": {
    "arch": "G",
    "dim": 2240,
    "head_type_logits": [
      0.0,
      -30.0,
      -30.0,
      -30.0,
      -30.0,
      -30.0,
      -30.0,
      -30.0
    ],
    "e97_state_nonlin": "tanh",
    "use_chunked_e97_delta": false,
    "overlap_streams": true,
    "mlp_ratio": 2.6944444444444446,
    "batch_size": 2,
    "bf16": true,
    "lr": 0.0008,
    "knob_lr_mult": 11.0,
    "lam_max": 1.3,
    "beta_max": 3.35
  },
  "model_params": 1258890688,
  "params_b": 1.2589,
  "counts": {
    "gdn2_recall": 64,
    "e97_track": 0,
    "count": 0,
    "latch": 0,
    "nonlin": 0,
    "gdn2_nonlin_shell": 0,
    "e97_raw": 0,
    "e97_delta": 0
  },
  "seed": 0,
  "dtype": "bf16",
  "steps": 1597,
  "batch_size": 2,
  "tokens": 6544506,
  "compile_seconds": 8.93,
  "wall_minutes": 12.001,
  "wall_seconds_budget": 720.0,
  "token_cap": null,
  "avg_loss": 6.19684,
  "final_loss": 5.56268,
  "stop_reason": "wall_cap",
  "nan_seen": false,
  "nonfinite_grad": false,
  "sustained_tok_s": 9183.9,
  "peak_mem_mb": 20644.9,
  "heldout": {
    "heldout_nats_per_token": 5.41374,
    "tokens_per_byte": 0.25942,
    "heldout_bpb": 2.02619,
    "n_batches": 40,
    "slice": {
      "path": "/home/erikg/ndm/.wg-worktrees/agent-732/scripts/.pile_heldout_slice.txt",
      "bytes": 9999511,
      "sha256": "3e4241a946e76c31220d21ec45db3cec193d94227681357e72ca477ad77fe25a",
      "sha256_ok": true
    }
  },
  "curve": [
    [
      40980,
      4.0,
      9.22299
    ],
    [
      81960,
      8.03,
      8.46435
    ],
    [
      122940,
      12.1,
      8.6736
    ],
    [
      163920,
      16.44,
      7.97122
    ],
    [
      204900,
      20.55,
      7.95913
    ],
    [
      245880,
      24.68,
      8.18628
    ],
    [
      286860,
      28.84,
      7.75863
    ],
    [
      327840,
      33.03,
      7.52626
    ],
    [
      368820,
      37.24,
      7.24652
    ],
    [
      409800,
      41.47,
      7.13825
    ],
    [
      450780,
      45.72,
      6.82837
    ],
    [
      491760,
      49.99,
      7.71719
    ],
    [
      532740,
      54.28,
      7.07169
    ],
    [
      573720,
      58.59,
      7.32266
    ],
    [
      614700,
      62.92,
      7.14225
    ],
    [
      655680,
      67.26,
      7.14411
    ],
    [
      696660,
      71.62,
      7.30522
    ],
    [
      737640,
      75.99,
      7.18939
    ],
    [
      778620,
      80.4,
      7.5222
    ],
    [
      819600,
      84.8,
      6.66765
    ],
    [
      860580,
      89.2,
      6.98553
    ],
    [
      901560,
      93.6,
      6.76548
    ],
    [
      942540,
      98.04,
      5.67056
    ],
    [
      983520,
      102.49,
      6.05769
    ],
    [
      1024500,
      106.94,
      8.01402
    ],
    [
      1065480,
      111.41,
      6.76929
    ],
    [
      1106460,
      115.87,
      7.03219
    ],
    [
      1147440,
      120.31,
      6.81706
    ],
    [
      1188420,
      124.79,
      6.49577
    ],
    [
      1229400,
      129.27,
      6.46323
    ],
    [
      1270380,
      133.76,
      6.6476
    ],
    [
      1311360,
      138.25,
      6.5725
    ],
    [
      1352340,
      142.74,
      5.89547
    ],
    [
      1393320,
      147.23,
      6.65392
    ],
    [
      1434300,
      151.74,
      6.72438
    ],
    [
      1475280,
      156.23,
      7.29491
    ],
    [
      1516260,
      161.0,
      7.13166
    ],
    [
      1557240,
      165.5,
      6.72162
    ],
    [
      1598220,
      170.02,
      6.07132
    ],
    [
      1639200,
      174.55,
      6.33694
    ],
    [
      1680180,
      179.08,
      7.53285
    ],
    [
      1721160,
      183.62,
      6.3182
    ],
    [
      1762140,
      188.16,
      5.53939
    ],
    [
      1803120,
      192.7,
      6.36465
    ],
    [
      1844100,
      197.24,
      6.65371
    ],
    [
      1885080,
      201.77,
      6.58433
    ],
    [
      1926060,
      206.33,
      5.92028
    ],
    [
      1967040,
      210.87,
      6.7358
    ],
    [
      2008020,
      215.42,
      6.39843
    ],
    [
      2049000,
      219.96,
      4.79282
    ],
    [
      2089980,
      224.51,
      6.42612
    ],
    [
      2130960,
      229.06,
      5.85966
    ],
    [
      2171940,
      233.61,
      6.31265
    ],
    [
      2212920,
      238.16,
      5.34058
    ],
    [
      2253900,
      242.72,
      6.0486
    ],
    [
      2294880,
      247.28,
      6.5819
    ],
    [
      2335860,
      251.82,
      6.71909
    ],
    [
      2376840,
      256.37,
      5.76681
    ],
    [
      2417820,
      260.93,
      5.77639
    ],
    [
      2458800,
      265.48,
      6.68756
    ],
    [
      2499780,
      270.03,
      6.47259
    ],
    [
      2540760,
      274.59,
      6.08968
    ],
    [
      2581740,
      279.14,
      6.20593
    ],
    [
      2622720,
      283.7,
      5.29898
    ],
    [
      2663700,
      288.25,
      6.30427
    ],
    [
      2704680,
      292.8,
      5.70292
    ],
    [
      2745660,
      297.36,
      5.80118
    ],
    [
      2786640,
      301.91,
      6.18076
    ],
    [
      2827620,
      306.48,
      6.23435
    ],
    [
      2868600,
      311.04,
      5.56433
    ],
    [
      2909580,
      315.6,
      6.23453
    ],
    [
      2950560,
      320.15,
      6.15424
    ],
    [
      2991540,
      324.71,
      6.30984
    ],
    [
      3032520,
      329.27,
      5.92868
    ],
    [
      3073500,
      333.83,
      6.16221
    ],
    [
      3114480,
      338.38,
      6.06297
    ],
    [
      3155460,
      342.93,
      5.2859
    ],
    [
      3196440,
      347.49,
      6.08765
    ],
    [
      3237420,
      352.05,
      6.52025
    ],
    [
      3278400,
      356.61,
      5.74844
    ],
    [
      3319380,
      361.16,
      6.04404
    ],
    [
      3360360,
      365.71,
      7.04673
    ],
    [
      3401340,
      370.26,
      5.99047
    ],
    [
      3442320,
      374.82,
      6.20064
    ],
    [
      3483300,
      379.38,
      6.05164
    ],
    [
      3524280,
      383.94,
      5.72192
    ],
    [
      3565260,
      388.49,
      5.81696
    ],
    [
      3606240,
      393.06,
      6.55052
    ],
    [
      3647220,
      397.61,
      6.19319
    ],
    [
      3688200,
      402.17,
      6.28475
    ],
    [
      3729180,
      406.74,
      6.24937
    ],
    [
      3770160,
      411.3,
      6.05324
    ],
    [
      3811140,
      415.87,
      5.97836
    ],
    [
      3852120,
      420.63,
      6.45487
    ],
    [
      3893100,
      425.18,
      5.94357
    ],
    [
      3934080,
      429.73,
      6.36443
    ],
    [
      3975060,
      434.28,
      6.21828
    ],
    [
      4016040,
      438.84,
      6.65043
    ],
    [
      4057020,
      443.39,
      6.39627
    ],
    [
      4098000,
      447.95,
      6.32759
    ],
    [
      4138980,
      452.51,
      4.84864
    ],
    [
      4179960,
      457.07,
      5.97223
    ],
    [
      4220940,
      461.63,
      6.27729
    ],
    [
      4261920,
      466.18,
      6.0292
    ],
    [
      4302900,
      470.73,
      5.2717
    ],
    [
      4343880,
      475.28,
      5.77494
    ],
    [
      4384860,
      479.84,
      4.90343
    ],
    [
      4425840,
      484.38,
      4.59924
    ],
    [
      4466820,
      488.94,
      6.16925
    ],
    [
      4507800,
      493.48,
      5.10094
    ],
    [
      4548780,
      498.03,
      6.78193
    ],
    [
      4589760,
      502.57,
      5.71136
    ],
    [
      4630740,
      507.11,
      5.98512
    ],
    [
      4671720,
      511.67,
      5.79715
    ],
    [
      4712700,
      516.22,
      5.65487
    ],
    [
      4753680,
      520.78,
      5.77725
    ],
    [
      4794660,
      525.33,
      5.36819
    ],
    [
      4835640,
      529.88,
      5.81328
    ],
    [
      4876620,
