{
  "cfg": {
    "arch": "H",
    "dim": 2176,
    "head_type_logits": [
      -0.2876820724517809,
      -30.0,
      -30.0,
      -30.0,
      -30.0,
      -30.0,
      -30.0,
      -1.3862943611198906
    ],
    "e97_state_nonlin": "tanh",
    "use_chunked_e97_delta": false,
    "overlap_streams": true,
    "mlp_ratio": 2.6944444444444446,
    "batch_size": 2,
    "bf16": true,
    "lr": 0.0008,
    "knob_lr_mult": 11.0,
    "lam_max": 1.3,
    "beta_max": 3.35
  },
  "model_params": 1247265344,
  "params_b": 1.2473,
  "counts": {
    "gdn2_recall": 48,
    "e97_track": 0,
    "count": 0,
    "latch": 0,
    "nonlin": 0,
    "gdn2_nonlin_shell": 0,
    "e97_raw": 0,
    "e97_delta": 16
  },
  "seed": 1,
  "dtype": "bf16",
  "steps": 1313,
  "batch_size": 2,
  "tokens": 5380674,
  "compile_seconds": 11.94,
  "wall_minutes": 12.004,
  "wall_seconds_budget": 720.0,
  "token_cap": null,
  "avg_loss": 6.28514,
  "final_loss": 5.68204,
  "stop_reason": "wall_cap",
  "nan_seen": false,
  "nonfinite_grad": false,
  "sustained_tok_s": 7527.9,
  "peak_mem_mb": 20471.5,
  "heldout": {
    "heldout_nats_per_token": 5.52976,
    "tokens_per_byte": 0.25942,
    "heldout_bpb": 2.06962,
    "n_batches": 40,
    "slice": {
      "path": "/home/erikg/ndm/.wg-worktrees/agent-732/scripts/.pile_heldout_slice.txt",
      "bytes": 9999511,
      "sha256": "3e4241a946e76c31220d21ec45db3cec193d94227681357e72ca477ad77fe25a",
      "sha256_ok": true
    }
  },
  "curve": [
    [
      40980,
      5.72,
      8.96486
    ],
    [
      81960,
      11.06,
      7.83894
    ],
    [
      122940,
      16.44,
      8.01558
    ],
    [
      163920,
      21.79,
      7.89902
    ],
    [
      204900,
      27.18,
      7.62143
    ],
    [
      245880,
      32.58,
      7.7725
    ],
    [
      286860,
      37.98,
      8.10045
    ],
    [
      327840,
      43.37,
      7.6094
    ],
    [
      368820,
      48.8,
      7.55026
    ],
    [
      409800,
      54.23,
      6.44247
    ],
    [
      450780,
      59.67,
      7.98249
    ],
    [
      491760,
      65.11,
      7.93424
    ],
    [
      532740,
      70.55,
      7.29581
    ],
    [
      573720,
      76.08,
      7.07166
    ],
    [
      614700,
      81.55,
      6.9073
    ],
    [
      655680,
      87.04,
      7.30487
    ],
    [
      696660,
      92.53,
      6.79767
    ],
    [
      737640,
      98.02,
      6.21125
    ],
    [
      778620,
      103.49,
      6.12359
    ],
    [
      819600,
      108.98,
      7.21202
    ],
    [
      860580,
      114.48,
      6.95637
    ],
    [
      901560,
      119.96,
      7.30577
    ],
    [
      942540,
      125.45,
      6.80175
    ],
    [
      983520,
      130.95,
      6.74243
    ],
    [
      1024500,
      136.43,
      7.21629
    ],
    [
      1065480,
      141.94,
      6.74849
    ],
    [
      1106460,
      147.44,
      7.02289
    ],
    [
      1147440,
      152.93,
      6.74952
    ],
    [
      1188420,
      158.41,
      6.62026
    ],
    [
      1229400,
      163.91,
      6.70806
    ],
    [
      1270380,
      169.4,
      6.29885
    ],
    [
      1311360,
      174.88,
      6.57799
    ],
    [
      1352340,
      180.37,
      5.67478
    ],
    [
      1393320,
      185.86,
      8.55486
    ],
    [
      1434300,
      191.36,
      6.62636
    ],
    [
      1475280,
      196.85,
      6.91399
    ],
    [
      1516260,
      202.33,
      5.99727
    ],
    [
      1557240,
      207.83,
      7.14658
    ],
    [
      1598220,
      213.31,
      6.09679
    ],
    [
      1639200,
      218.79,
      6.21313
    ],
    [
      1680180,
      224.3,
      6.0807
    ],
    [
      1721160,
      229.8,
      7.00952
    ],
    [
      1762140,
      235.29,
      6.25875
    ],
    [
      1803120,
      240.8,
      6.51754
    ],
    [
      1844100,
      246.28,
      5.72739
    ],
    [
      1885080,
      251.77,
      6.88242
    ],
    [
      1926060,
      257.26,
      6.6184
    ],
    [
      1967040,
      262.75,
      5.86469
    ],
    [
      2008020,
      268.25,
      6.55339
    ],
    [
      2049000,
      273.75,
      6.71399
    ],
    [
      2089980,
      279.24,
      6.09204
    ],
    [
      2130960,
      284.72,
      6.01938
    ],
    [
      2171940,
      290.2,
      5.72355
    ],
    [
      2212920,
      295.85,
      5.57399
    ],
    [
      2253900,
      301.32,
      6.54146
    ],
    [
      2294880,
      306.8,
      5.89098
    ],
    [
      2335860,
      312.3,
      5.65026
    ],
    [
      2376840,
      317.76,
      6.31549
    ],
    [
      2417820,
      323.23,
      5.80235
    ],
    [
      2458800,
      328.73,
      7.00408
    ],
    [
      2499780,
      334.21,
      5.8798
    ],
    [
      2540760,
      339.7,
      7.66217
    ],
    [
      2581740,
      345.17,
      6.25542
    ],
    [
      2622720,
      350.65,
      5.37158
    ],
    [
      2663700,
      356.13,
      6.96572
    ],
    [
      2704680,
      361.61,
      6.04549
    ],
    [
      2745660,
      367.1,
      6.06748
    ],
    [
      2786640,
      372.59,
      6.68116
    ],
    [
      2827620,
      378.09,
      6.16457
    ],
    [
      2868600,
      383.58,
      6.1308
    ],
    [
      2909580,
      389.08,
      5.03146
    ],
    [
      2950560,
      394.57,
      5.49884
    ],
    [
      2991540,
      400.07,
      5.65619
    ],
    [
      3032520,
      405.56,
      6.47545
    ],
    [
      3073500,
      411.05,
      6.19371
    ],
    [
      3114480,
      416.54,
      6.55123
    ],
    [
      3155460,
      422.03,
      5.62361
    ],
    [
      3196440,
      427.52,
      6.22462
    ],
    [
      3237420,
      433.0,
      5.87388
    ],
    [
      3278400,
      438.49,
      5.85965
    ],
    [
      3319380,
      443.97,
      5.94712
    ],
    [
      3360360,
      449.45,
      6.47507
    ],
    [
      3401340,
      454.94,
      5.72524
    ],
    [
      3442320,
      460.43,
      5.54573
    ],
    [
      3483300,
      465.91,
      5.27297
    ],
    [
      3524280,
      471.41,
      5.7394
    ],
    [
      3565260,
      476.9,
      5.73926
    ],
    [
      3606240,
      482.37,
      6.11654
    ],
    [
      3647220,
      487.86,
      5.6901
    ],
    [
      3688200,
      493.34,
      4.55111
    ],
    [
      3729180,
      498.82,
      5.79029
    ],
    [
      3770160,
      504.31,
      6.68806
    ],
    [
      3811140,
      509.99,
      5.98642
    ],
    [
      3852120,
      515.47,
      5.26932
    ],
    [
      3893100,
      520.95,
      6.45102
    ],
    [
      3934080,
      526.45,
      6.55708
    ],
    [
      3975060,
      531.94,
      5.35405
    ],
    [
      4016040,
      537.43,
      5.98349
    ],
    [
      4057020,
      542.91,
      5.90516
    ],
    [
      4098000,
      548.4,
      6.09778
    ],
    [
      4138980,
      553.9,
      6.05362
    ],
    [
      4179960,
      559.38,
      5.42038
    ],
    [
      4220940,
      564.88,
      5.92236
    ],
    [
      4261920,
      570.38,
      5.77545
    ],
    [
      4302900,
      575.87,
      5.64609
    ],
    [
      4343880,
      581.37,
      5.53793
    ],
    [
      4384860,
      586.87,
      6.06741
    ],
    [
      4425840,
      592.38,
      5.84697
    ],
    [
      4466820,
      597.88,
      5.07576
    ],
    [
      4507800,
      603.37,
      6.26416
    ],
    [
      4548780,
      608.87,
      5.80326
    ],
    [
      4589760,
      614.37,
      5.36588
    ],
    [
      4630740,
      619.86,
      5.66906
    ],
    [
      4671720,
      625.35,
      4.41058
    ],
    [
      4712700,
      630.82,
      5.35609
    ],
    [
      4753680,
      636.32,
      6.18736
    ],
    [
      4794660,
      641.8,
      5.95624
    ],
    [
      4835640,
      647.29,
