{
  "cfg": {
    "arch": "H",
    "dim": 2176,
    "head_type_logits": [
      -0.2876820724517809,
      -30.0,
      -30.0,
      -30.0,
      -30.0,
      -30.0,
      -30.0,
      -1.3862943611198906
    ],
    "e97_state_nonlin": "tanh",
    "use_chunked_e97_delta": false,
    "overlap_streams": true,
    "mlp_ratio": 2.6944444444444446,
    "batch_size": 2,
    "bf16": true,
    "lr": 0.0008,
    "knob_lr_mult": 11.0,
    "lam_max": 1.3,
    "beta_max": 3.35
  },
  "model_params": 1247265344,
  "params_b": 1.2473,
  "counts": {
    "gdn2_recall": 48,
    "e97_track": 0,
    "count": 0,
    "latch": 0,
    "nonlin": 0,
    "gdn2_nonlin_shell": 0,
    "e97_raw": 0,
    "e97_delta": 16
  },
  "seed": 0,
  "dtype": "bf16",
  "steps": 1298,
  "batch_size": 2,
  "tokens": 5319204,
  "compile_seconds": 13.18,
  "wall_minutes": 12.008,
  "wall_seconds_budget": 720.0,
  "token_cap": null,
  "avg_loss": 6.30717,
  "final_loss": 5.6796,
  "stop_reason": "wall_cap",
  "nan_seen": false,
  "nonfinite_grad": false,
  "sustained_tok_s": 7432.5,
  "peak_mem_mb": 20464.6,
  "heldout": {
    "heldout_nats_per_token": 5.49581,
    "tokens_per_byte": 0.25942,
    "heldout_bpb": 2.05691,
    "n_batches": 40,
    "slice": {
      "path": "/home/erikg/ndm/.wg-worktrees/agent-732/scripts/.pile_heldout_slice.txt",
      "bytes": 9999511,
      "sha256": "3e4241a946e76c31220d21ec45db3cec193d94227681357e72ca477ad77fe25a",
      "sha256_ok": true
    }
  },
  "curve": [
    [
      40980,
      5.31,
      9.48537
    ],
    [
      81960,
      10.65,
      8.41164
    ],
    [
      122940,
      15.99,
      8.78863
    ],
    [
      163920,
      21.35,
      8.09617
    ],
    [
      204900,
      26.74,
      8.13162
    ],
    [
      245880,
      32.15,
      8.12131
    ],
    [
      286860,
      37.54,
      7.78944
    ],
    [
      327840,
      42.94,
      7.47809
    ],
    [
      368820,
      48.34,
      7.2164
    ],
    [
      409800,
      53.77,
      7.11654
    ],
    [
      450780,
      59.22,
      6.84545
    ],
    [
      491760,
      64.68,
      7.65028
    ],
    [
      532740,
      70.14,
      7.08026
    ],
    [
      573720,
      75.63,
      7.30202
    ],
    [
      614700,
      81.12,
      7.15167
    ],
    [
      655680,
      86.6,
      7.11567
    ],
    [
      696660,
      92.08,
      7.29051
    ],
    [
      737640,
      97.59,
      7.14928
    ],
    [
      778620,
      103.11,
      7.47538
    ],
    [
      819600,
      108.63,
      6.62606
    ],
    [
      860580,
      114.36,
      6.94332
    ],
    [
      901560,
      119.89,
      6.76817
    ],
    [
      942540,
      125.43,
      5.6042
    ],
    [
      983520,
      130.97,
      5.9285
    ],
    [
      1024500,
      136.51,
      7.9239
    ],
    [
      1065480,
      142.02,
      6.68359
    ],
    [
      1106460,
      147.56,
      7.01587
    ],
    [
      1147440,
      153.07,
      6.82975
    ],
    [
      1188420,
      158.61,
      6.48148
    ],
    [
      1229400,
      164.16,
      6.46693
    ],
    [
      1270380,
      169.7,
      6.59458
    ],
    [
      1311360,
      175.25,
      6.50504
    ],
    [
      1352340,
      180.8,
      5.87547
    ],
    [
      1393320,
      186.34,
      6.61064
    ],
    [
      1434300,
      191.91,
      6.67956
    ],
    [
      1475280,
      197.48,
      7.24815
    ],
    [
      1516260,
      203.04,
      7.02332
    ],
    [
      1557240,
      208.6,
      6.63846
    ],
    [
      1598220,
      214.16,
      6.04504
    ],
    [
      1639200,
      219.75,
      6.24856
    ],
    [
      1680180,
      225.32,
      7.49668
    ],
    [
      1721160,
      230.89,
      6.3441
    ],
    [
      1762140,
      236.45,
      5.51544
    ],
    [
      1803120,
      242.03,
      6.30172
    ],
    [
      1844100,
      247.61,
      6.56119
    ],
    [
      1885080,
      253.16,
      6.53454
    ],
    [
      1926060,
      258.73,
      5.8607
    ],
    [
      1967040,
      264.27,
      6.69945
    ],
    [
      2008020,
      269.84,
      6.2893
    ],
    [
      2049000,
      275.4,
      4.70722
    ],
    [
      2089980,
      280.97,
      6.39077
    ],
    [
      2130960,
      286.53,
      5.82807
    ],
    [
      2171940,
      292.1,
      6.23641
    ],
    [
      2212920,
      297.65,
      5.27431
    ],
    [
      2253900,
      303.2,
      6.04331
    ],
    [
      2294880,
      308.78,
      6.52335
    ],
    [
      2335860,
      314.33,
      6.70017
    ],
    [
      2376840,
      319.89,
      5.7088
    ],
    [
      2417820,
      325.43,
      5.71307
    ],
    [
      2458800,
      330.99,
      6.62467
    ],
    [
      2499780,
      336.55,
      6.44447
    ],
    [
      2540760,
      342.1,
      5.98398
    ],
    [
      2581740,
      347.67,
      6.20211
    ],
    [
      2622720,
      353.23,
      5.271
    ],
    [
      2663700,
      358.79,
      6.26316
    ],
    [
      2704680,
      364.55,
      5.64747
    ],
    [
      2745660,
      370.12,
      5.76349
    ],
    [
      2786640,
      375.67,
      6.13309
    ],
    [
      2827620,
      381.24,
      6.16536
    ],
    [
      2868600,
      386.8,
      5.53043
    ],
    [
      2909580,
      392.4,
      6.14983
    ],
    [
      2950560,
      397.98,
      6.10708
    ],
    [
      2991540,
      403.54,
      6.28095
    ],
    [
      3032520,
      409.13,
      5.92249
    ],
    [
      3073500,
      414.71,
      6.00215
    ],
    [
      3114480,
      420.3,
      6.02492
    ],
    [
      3155460,
      425.89,
      5.2674
    ],
    [
      3196440,
      431.45,
      6.04002
    ],
    [
      3237420,
      437.03,
      6.49783
    ],
    [
      3278400,
      442.61,
      5.74218
    ],
    [
      3319380,
      448.17,
      5.95837
    ],
    [
      3360360,
      453.75,
      6.91239
    ],
    [
      3401340,
      459.33,
      5.95513
    ],
    [
      3442320,
      464.9,
      6.07717
    ],
    [
      3483300,
      470.46,
      6.10181
    ],
    [
      3524280,
      476.02,
      5.68844
    ],
    [
      3565260,
      481.59,
      5.75486
    ],
    [
      3606240,
      487.19,
      6.47719
    ],
    [
      3647220,
      492.75,
      6.15621
    ],
    [
      3688200,
      498.35,
      6.25056
    ],
    [
      3729180,
      503.93,
      6.19194
    ],
    [
      3770160,
      509.51,
      6.01971
    ],
    [
      3811140,
      515.09,
      5.91833
    ],
    [
      3852120,
      520.69,
      6.41311
    ],
    [
      3893100,
      526.26,
      5.8858
    ],
    [
      3934080,
      531.86,
      6.30907
    ],
    [
      3975060,
      537.44,
      6.1468
    ],
    [
      4016040,
      543.02,
      6.57643
    ],
    [
      4057020,
      548.61,
      6.35964
    ],
    [
      4098000,
      554.18,
      6.24974
    ],
    [
      4138980,
      559.76,
      4.76552
    ],
    [
      4179960,
      565.33,
      5.9295
    ],
    [
      4220940,
      570.91,
      6.23015
    ],
    [
      4261920,
      576.49,
      6.0072
    ],
    [
      4302900,
      582.05,
      5.19577
    ],
    [
      4343880,
      587.62,
      5.76295
    ],
    [
      4384860,
      593.22,
      4.83095
    ],
    [
      4425840,
      598.8,
      4.55134
    ],
    [
      4466820,
      604.36,
      6.11655
    ],
    [
      4507800,
      610.14,
      5.11605
    ],
    [
      4548780,
      615.72,
      6.71439
    ],
    [
      4589760,
      621.29,
      5.67951
    ],
    [
      4630740,
      626.84,
      5.91607
    ],
    [
      4671720,
      632.43,
      5.78481
    ],
    [
      4712700,
      638.01,
      5.61147
    ],
    [
      4753680,
      643.59,
      5.7706
    ],
    [
      4794660,
      649.17,
      5.32189
    ],
    [
      4835640,
      654.75,
      5.77185
