{
  "cfg": {
    "arch": "L",
    "dim": 1896,
    "level": "lstm",
    "head_type_logits": [
      0.0,
      -30.0,
      -30.0,
      -30.0,
      -30.0,
      -30.0,
      -30.0,
      -30.0
    ],
    "mlp_ratio": 2.6944444444444446,
    "batch_size": 2,
    "bf16": true,
    "lr": 0.0008,
    "knob_lr_mult": 1.0
  },
  "model_params": 1266948912,
  "params_b": 1.2669,
  "counts": {
    "gdn2_recall": 64,
    "e97_track": 0,
    "count": 0,
    "latch": 0,
    "nonlin": 0,
    "gdn2_nonlin_shell": 0,
    "e97_raw": 0,
    "e97_delta": 0
  },
  "seed": 0,
  "dtype": "bf16",
  "steps": 101,
  "batch_size": 2,
  "tokens": 413898,
  "compile_seconds": 70.51,
  "wall_minutes": 24.097,
  "wall_seconds_budget": 1440.0,
  "token_cap": 5319204,
  "avg_loss": 8.24087,
  "final_loss": 8.21486,
  "stop_reason": "wall_cap",
  "nan_seen": false,
  "nonfinite_grad": false,
  "sustained_tok_s": 286.3,
  "peak_mem_mb": 20828.1,
  "heldout": {
    "heldout_nats_per_token": 7.53191,
    "tokens_per_byte": 0.25942,
    "heldout_bpb": 2.81896,
    "n_batches": 40,
    "slice": {
      "path": "/home/erikg/ndm/.wg-worktrees/agent-732/scripts/.pile_heldout_slice.txt",
      "bytes": 9999511,
      "sha256": "3e4241a946e76c31220d21ec45db3cec193d94227681357e72ca477ad77fe25a",
      "sha256_ok": true
    }
  },
  "curve": [
    [
      40980,
      142.95,
      8.64214
    ],
    [
      81960,
      285.86,
      8.15704
    ],
    [
      122940,
      429.12,
      8.58681
    ],
    [
      163920,
      572.41,
      8.15085
    ],
    [
      204900,
      715.58,
      8.10131
    ],
    [
      245880,
      858.62,
      8.35593
    ],
    [
      286860,
      1001.9,
      8.001
    ],
    [
      327840,
      1145.18,
      7.69931
    ],
    [
      368820,
      1288.16,
      7.65151
    ],
    [
      409800,
      1431.56,
      7.35747
    ]
  ],
  "roundtrip": null,
  "timestamp": "2026-06-09T18:29:51.058878Z",
  "arch": "L",
  "protocol": "token",
  "param_report": {
    "dim": 1896,
    "params": 1266948912,
    "params_b": 1.2669,
    "rel": -0.0024,
    "within_tol": true
  }
}