{
  "cfg": {
    "arch": "L",
    "dim": 1896,
    "level": "lstm",
    "head_type_logits": [
      0.0,
      -30.0,
      -30.0,
      -30.0,
      -30.0,
      -30.0,
      -30.0,
      -30.0
    ],
    "mlp_ratio": 2.6944444444444446,
    "batch_size": 2,
    "bf16": true,
    "lr": 0.0008,
    "knob_lr_mult": 1.0
  },
  "model_params": 1266948912,
  "params_b": 1.2669,
  "counts": {
    "gdn2_recall": 64,
    "e97_track": 0,
    "count": 0,
    "latch": 0,
    "nonlin": 0,
    "gdn2_nonlin_shell": 0,
    "e97_raw": 0,
    "e97_delta": 0
  },
  "seed": 0,
  "dtype": "bf16",
  "steps": 51,
  "batch_size": 2,
  "tokens": 208998,
  "compile_seconds": 68.0,
  "wall_minutes": 12.197,
  "wall_seconds_budget": 720.0,
  "token_cap": null,
  "avg_loss": 8.70658,
  "final_loss": 8.70658,
  "stop_reason": "wall_cap",
  "nan_seen": false,
  "nonfinite_grad": false,
  "sustained_tok_s": 285.6,
  "peak_mem_mb": 20828.1,
  "heldout": {
    "heldout_nats_per_token": 8.4515,
    "tokens_per_byte": 0.25942,
    "heldout_bpb": 3.16314,
    "n_batches": 40,
    "slice": {
      "path": "/home/erikg/ndm/.wg-worktrees/agent-732/scripts/.pile_heldout_slice.txt",
      "bytes": 9999511,
      "sha256": "3e4241a946e76c31220d21ec45db3cec193d94227681357e72ca477ad77fe25a",
      "sha256_ok": true
    }
  },
  "curve": [
    [
      40980,
      143.51,
      8.97794
    ],
    [
      81960,
      286.96,
      8.14734
    ],
    [
      122940,
      430.47,
      8.61525
    ],
    [
      163920,
      573.81,
      8.15394
    ],
    [
      204900,
      717.41,
      8.13315
    ]
  ],
  "roundtrip": null,
  "timestamp": "2026-06-09T18:02:59.124559Z",
  "arch": "L",
  "protocol": "wall",
  "param_report": {
    "dim": 1896,
    "params": 1266948912,
    "params_b": 1.2669,
    "rel": -0.0024,
    "within_tol": true
  }
}