{
  "cfg": {
    "arch": "H",
    "dim": 2176,
    "head_type_logits": [
      -0.2876820724517809,
      -30.0,
      -30.0,
      -30.0,
      -30.0,
      -30.0,
      -30.0,
      -1.3862943611198906
    ],
    "e97_state_nonlin": "tanh",
    "use_chunked_e97_delta": false,
    "overlap_streams": true,
    "mlp_ratio": 2.6944444444444446,
    "batch_size": 2,
    "bf16": true,
    "lr": 0.0008,
    "knob_lr_mult": 11.0,
    "lam_max": 1.3,
    "beta_max": 3.35
  },
  "model_params": 1247265344,
  "params_b": 1.2473,
  "counts": {
    "gdn2_recall": 48,
    "e97_track": 0,
    "count": 0,
    "latch": 0,
    "nonlin": 0,
    "gdn2_nonlin_shell": 0,
    "e97_raw": 0,
    "e97_delta": 16
  },
  "seed": 0,
  "dtype": "bf16",
  "steps": 99,
  "batch_size": 2,
  "tokens": 405702,
  "compile_seconds": 14.83,
  "wall_minutes": 1.513,
  "wall_seconds_budget": 90.0,
  "token_cap": null,
  "avg_loss": 8.42465,
  "final_loss": 8.42465,
  "stop_reason": "wall_cap",
  "nan_seen": false,
  "nonfinite_grad": false,
  "sustained_tok_s": 4555.9,
  "peak_mem_mb": 20466.6,
  "heldout": {
    "heldout_nats_per_token": 7.26143,
    "tokens_per_byte": 0.25942,
    "heldout_bpb": 2.71773,
    "n_batches": 40,
    "slice": {
      "path": "/home/erikg/ndm/.wg-worktrees/agent-732/scripts/.pile_heldout_slice.txt",
      "bytes": 9999511,
      "sha256": "3e4241a946e76c31220d21ec45db3cec193d94227681357e72ca477ad77fe25a",
      "sha256_ok": true
    }
  },
  "curve": [
    [
      40980,
      10.03,
      9.21564
    ],
    [
      81960,
      19.2,
      8.40083
    ],
    [
      122940,
      28.05,
      8.74356
    ],
    [
      163920,
      37.03,
      8.13515
    ],
    [
      204900,
      46.08,
      8.14942
    ],
    [
      245880,
      55.1,
      8.02072
    ],
    [
      286860,
      64.39,
      7.92617
    ],
    [
      327840,
      73.49,
      7.54544
    ],
    [
      368820,
      82.6,
      7.28206
    ]
  ],
  "roundtrip": null,
  "timestamp": "2026-06-09T17:34:19.294723Z",
  "arch": "H",
  "protocol": "wall",
  "param_report": {
    "dim": 2176,
    "params": 1247265344,
    "params_b": 1.2473,
    "rel": -0.0179,
    "within_tol": true,
    "counts": {
      "gdn2_recall": 48,
      "e97_track": 0,
      "count": 0,
      "latch": 0,
      "nonlin": 0,
      "gdn2_nonlin_shell": 0,
      "e97_raw": 0,
      "e97_delta": 16
    }
  }
}