{"params": {"dim": 1024, "n_heads": 142, "depth": 49, "mixture_nonlin": 0.12185756645878204, "lr": 0.0009148043659784823, "batch_size": 19}, "model_type": "emender", "eval_id": 1}