{
  "name": "cma_g14_e4",
  "head_type_logits": [
    0.0,
    -3.521165871063607,
    -30.0,
    -30.0,
    -30.0,
    -30.0,
    -30.0,
    -2.3792395709233833,
    -30.0
  ],
  "dim": 448,
  "depth": 8,
  "n_heads": 32,
  "n_state": 32,
  "lr": 0.0012,
  "batch_size": 8,
  "chunk": 512,
  "eval_chunk": 512,
  "max_tokens": 6000000,
  "wall_minutes": 6.0,
  "seed": 0
}