{"params": {"dim": 1280, "n_heads": 540, "depth": 10, "mixture_nonlin": 0.17363906830350276, "lr": 0.0007856582819545272, "batch_size": 2}, "model_type": "emender", "eval_id": 48}