{"params": {"dim": 1152, "n_heads": 394, "depth": 16, "mixture_nonlin": 0.10788876006795936, "lr": 0.0007092478829504835, "batch_size": 4}, "model_type": "emender", "eval_id": 17}