{"params": {"dim": 1280, "n_heads": 312, "depth": 18, "mixture_nonlin": 0.09668565287992667, "lr": 0.0010495318428772856, "batch_size": 8}, "model_type": "emender", "eval_id": 33}