{"params": {"dim": 1664, "n_heads": 169, "depth": 25, "mixture_nonlin": 0.21748540497444785, "lr": 0.0014294625373265284, "batch_size": 1}, "model_type": "emender", "eval_id": 53}