{"params": {"dim": 1024, "n_heads": 610, "depth": 12, "mixture_nonlin": 0.12089754320248965, "lr": 0.0027996946460918525, "batch_size": 13}, "model_type": "emender", "eval_id": 22}