{
  "found_logits": [
    0.0,
    -3.3296712761624936,
    -30.0,
    -30.0,
    -30.0,
    -30.0,
    -30.0,
    -2.7766699027903274,
    -30.0
  ],
  "found_counts": {
    "gdn2_recall": 29,
    "e97_track": 1,
    "count": 0,
    "latch": 0,
    "nonlin": 0,
    "gdn2_nonlin_shell": 0,
    "e97_raw": 0,
    "e97_delta": 2,
    "refit": 0
  },
  "shape": {
    "depth": 12,
    "n_heads": 32,
    "n_state": 32,
    "target_params": 60000000.0
  },
  "token_budget": 12000000,
  "wall_minutes": 8.0,
  "dtype": "bf16 uniform (fused)",
  "summary": {
    "gdn2_token": {
      "bpb_mean": 2.91448,
      "bpb_sd": 0.00015,
      "tokens_mean": 12001280,
      "tok_s_mean": 53750.1,
      "n": 2,
      "runs": [
        {
          "seed": 0,
          "bpb": 2.91462,
          "tokens": 12001280,
          "tok_s": 53576.1,
          "steps": 2930,
          "nan": false,
          "fused": true,
          "params": 57749632
        },
        {
          "seed": 1,
          "bpb": 2.91433,
          "tokens": 12001280,
          "tok_s": 53924.2,
          "steps": 2930,
          "nan": false,
          "fused": true,
          "params": 57749632
        }
      ]
    },
    "emender_found_token": {
      "bpb_mean": 2.88479,
      "bpb_sd": 0.02748,
      "tokens_mean": 12001280,
      "tok_s_mean": 29256.7,
      "n": 2,
      "runs": [
        {
          "seed": 0,
          "bpb": 2.85731,
          "tokens": 12001280,
          "tok_s": 29070.8,
          "steps": 2930,
          "nan": false,
          "fused": true,
          "params": 58891240
        },
        {
          "seed": 1,
          "bpb": 2.91228,
          "tokens": 12001280,
          "tok_s": 29442.6,
          "steps": 2930,
          "nan": false,
          "fused": true,
          "params": 58891240
        }
      ]
    },
    "gdn2_wall": {
      "bpb_mean": 3.76053,
      "bpb_sd": 0.00614,
      "tokens_mean": 24156160,
      "tok_s_mean": 54040.5,
      "n": 2,
      "runs": [
        {
          "seed": 0,
          "bpb": 3.76667,
          "tokens": 23789568,
          "tok_s": 53435.3,
          "steps": 5808,
          "nan": false,
          "fused": true,
          "params": 57749632
        },
        {
          "seed": 1,
          "bpb": 3.75439,
          "tokens": 24522752,
          "tok_s": 54645.7,
          "steps": 5987,
          "nan": false,
          "fused": true,
          "params": 57749632
        }
      ]
    },
    "emender_found_wall": {
      "bpb_mean": 2.92529,
      "bpb_sd": 0.08377,
      "tokens_mean": 12484608,
      "tok_s_mean": 27332.3,
      "n": 2,
      "runs": [
        {
          "seed": 0,
          "bpb": 3.00906,
          "tokens": 13283328,
          "tok_s": 28994.7,
          "steps": 3243,
          "nan": false,
          "fused": true,
          "params": 58891240
        },
        {
          "seed": 1,
          "bpb": 2.84152,
          "tokens": 11685888,
          "tok_s": 25670.0,
          "steps": 2853,
          "nan": false,
          "fused": true,
          "params": 58891240
        }
      ]
    }
  },
  "timestamp": "2026-06-10T23:54:39.671886Z"
}