{"params": {"dim": 1152, "n_heads": 380, "depth": 18, "mixture_nonlin": 9.947829512252668e-05, "lr": 0.0023733237658956413, "batch_size": 4}, "model_type": "emender", "eval_id": 8}