{"params": {"dim": 1408, "n_heads": 292, "depth": 18, "mixture_nonlin": 0.09315971446908265, "lr": 0.0028147006603101007, "batch_size": 14}, "model_type": "emender", "eval_id": 19}