{
  "cfg": {
    "dim": 2240,
    "head_type_logits": [
      -0.6931471805599453,
      -30.0,
      -30.0,
      -30.0,
      -30.0,
      -0.6931471805599453,
      -30.0,
      -30.0
    ],
    "lr": 0.001,
    "knob_lr_mult": 1.0,
    "batch_size": 2,
    "bf16": true,
    "lam_max": 1.585,
    "beta_max": 2.747,
    "shell_state_nonlin": "tanh",
    "shell_state_chunk": 8,
    "shell_fused": true
  },
  "model_params": 1258891264,
  "params_b": 1.2589,
  "counts": {
    "gdn2_recall": 32,
    "e97_track": 0,
    "count": 0,
    "latch": 0,
    "nonlin": 0,
    "gdn2_nonlin_shell": 32,
    "e97_raw": 0,
    "e97_delta": 0
  },
  "seed": 0,
  "dtype": "bf16",
  "steps": 1451,
  "batch_size": 2,
  "tokens": 5946198,
  "compile_seconds": 11.96,
  "wall_minutes": 12.0,
  "wall_seconds_budget": 720.0,
  "token_cap": null,
  "avg_loss": 6.30031,
  "final_loss": 5.707,
  "stop_reason": "wall_cap",
  "nan_seen": false,
  "nonfinite_grad": false,
  "sustained_tok_s": 8340.8,
  "peak_mem_mb": 25098.0,
  "heldout": {
    "heldout_nats_per_token": 5.51024,
    "tokens_per_byte": 0.25942,
    "heldout_bpb": 2.06231,
    "n_batches": 40,
    "slice": {
      "path": "/home/erikg/ndm/.wg-worktrees/agent-732/scripts/.pile_heldout_slice.txt",
      "bytes": 9999511,
      "sha256": "3e4241a946e76c31220d21ec45db3cec193d94227681357e72ca477ad77fe25a",
      "sha256_ok": true
    }
  },
  "curve": [
    [
      40980,
      5.0,
      9.20839
    ],
    [
      81960,
      9.6,
      8.48873
    ],
    [
      122940,
      14.22,
      8.80288
    ],
    [
      163920,
      18.88,
      8.12125
    ],
    [
      204900,
      23.57,
      8.08665
    ],
    [
      245880,
      28.27,
      8.11819
    ],
    [
      286860,
      32.99,
      7.78247
    ],
    [
      327840,
      37.74,
      7.55175
    ],
    [
      368820,
      42.52,
      7.38301
    ],
    [
      409800,
      47.31,
      7.17588
    ],
    [
      450780,
      52.1,
      6.93135
    ],
    [
      491760,
      57.05,
      7.69039
    ],
    [
      532740,
      61.87,
      7.12633
    ],
    [
      573720,
      66.72,
      7.3792
    ],
    [
      614700,
      71.62,
      7.18373
    ],
    [
      655680,
      76.5,
      7.19306
    ],
    [
      696660,
      81.4,
      7.38126
    ],
    [
      737640,
      86.32,
      7.2097
    ],
    [
      778620,
      91.23,
      7.53278
    ],
    [
      819600,
      96.15,
      6.79849
    ],
    [
      860580,
      101.07,
      7.00059
    ],
    [
      901560,
      105.99,
      6.81813
    ],
    [
      942540,
      110.92,
      5.94361
    ],
    [
      983520,
      115.87,
      6.16818
    ],
    [
      1024500,
      120.8,
      8.17267
    ],
    [
      1065480,
      125.73,
      6.80383
    ],
    [
      1106460,
      130.67,
      7.05925
    ],
    [
      1147440,
      136.01,
      6.83823
    ],
    [
      1188420,
      140.97,
      6.54217
    ],
    [
      1229400,
      145.92,
      6.62628
    ],
    [
      1270380,
      150.88,
      6.71012
    ],
    [
      1311360,
      155.84,
      6.60768
    ],
    [
      1352340,
      160.8,
      6.05481
    ],
    [
      1393320,
      165.78,
      6.68123
    ],
    [
      1434300,
      170.75,
      6.76725
    ],
    [
      1475280,
      175.72,
      7.3984
    ],
    [
      1516260,
      180.68,
      7.12344
    ],
    [
      1557240,
      185.64,
      6.73559
    ],
    [
      1598220,
      190.61,
      6.17839
    ],
    [
      1639200,
      195.59,
      6.39923
    ],
    [
      1680180,
      200.57,
      7.58492
    ],
    [
      1721160,
      205.53,
      6.35895
    ],
    [
      1762140,
      210.5,
      5.65436
    ],
    [
      1803120,
      215.83,
      6.34197
    ],
    [
      1844100,
      220.79,
      6.6175
    ],
    [
      1885080,
      225.76,
      6.65629
    ],
    [
      1926060,
      230.74,
      5.96447
    ],
    [
      1967040,
      235.72,
      6.75654
    ],
    [
      2008020,
      240.69,
      6.37642
    ],
    [
      2049000,
      245.67,
      4.79358
    ],
    [
      2089980,
      250.64,
      6.47264
    ],
    [
      2130960,
      255.63,
      5.95375
    ],
    [
      2171940,
      260.6,
      6.3526
    ],
    [
      2212920,
      265.58,
      5.3534
    ],
    [
      2253900,
      270.57,
      6.17602
    ],
    [
      2294880,
      275.55,
      6.60418
    ],
    [
      2335860,
      280.54,
      6.72848
    ],
    [
      2376840,
      285.54,
      5.83621
    ],
    [
      2417820,
      290.52,
      5.7767
    ],
    [
      2458800,
      295.49,
      6.70708
    ],
    [
      2499780,
      300.84,
      6.49859
    ],
    [
      2540760,
      305.82,
      6.11873
    ],
    [
      2581740,
      310.79,
      6.21732
    ],
    [
      2622720,
      315.77,
      5.38624
    ],
    [
      2663700,
      320.73,
      6.3244
    ],
    [
      2704680,
      325.71,
      5.67335
    ],
    [
      2745660,
      330.69,
      5.82645
    ],
    [
      2786640,
      335.67,
      6.21198
    ],
    [
      2827620,
      340.66,
      6.22066
    ],
    [
      2868600,
      345.63,
      5.60352
    ],
    [
      2909580,
      350.61,
      6.2419
    ],
    [
      2950560,
      355.57,
      6.18919
    ],
    [
      2991540,
      360.54,
      6.34263
    ],
    [
      3032520,
      365.52,
      5.92567
    ],
    [
      3073500,
      370.48,
      6.00478
    ],
    [
      3114480,
      375.45,
      6.06935
    ],
    [
      3155460,
      380.64,
      5.33305
    ],
    [
      3196440,
      385.61,
      6.09742
    ],
    [
      3237420,
      390.57,
      6.54268
    ],
    [
      3278400,
      395.54,
      5.72423
    ],
    [
      3319380,
      400.52,
      6.05898
    ],
    [
      3360360,
      405.48,
      6.99087
    ],
    [
      3401340,
      410.46,
      5.99159
    ],
    [
      3442320,
      415.46,
      6.21628
    ],
    [
      3483300,
      420.44,
      6.10077
    ],
    [
      3524280,
      425.41,
      5.75655
    ],
    [
      3565260,
      430.38,
      5.81006
    ],
    [
      3606240,
      435.35,
      6.53681
    ],
    [
      3647220,
      440.31,
      6.21117
    ],
    [
      3688200,
      445.27,
      6.31379
    ],
    [
      3729180,
      450.25,
      6.23669
    ],
    [
      3770160,
      455.23,
      6.08741
    ],
    [
      3811140,
      460.51,
      5.96242
    ],
    [
      3852120,
      465.48,
      6.48458
    ],
    [
      3893100,
      470.46,
      5.96808
    ],
    [
      3934080,
      475.46,
      6.3421
    ],
    [
      3975060,
      480.46,
      6.21557
    ],
    [
      4016040,
      485.46,
      6.71495
    ],
    [
      4057020,
      490.46,
      6.42311
    ],
    [
      4098000,
      495.45,
      6.29211
    ],
    [
      4138980,
      500.4,
      4.92837
    ],
    [
      4179960,
      505.36,
      5.99055
    ],
    [
      4220940,
      510.32,
      6.28129
    ],
    [
      4261920,
      515.27,
      6.04307
    ],
    [
      4302900,
      520.22,
      5.31587
    ],
    [
      4343880,
      525.17,
      5.81005
    ],
    [
      4384860,
      530.11,
      4.9452
    ],
    [
      4425840,
      535.06,
      4.55049
    ],
    [
      4466820,
      540.26,
      6.13355
    ],
    [
      4507800,
      545.22,
      5.05442
    ],
    [
      4548780,
      550.18,
      6.77438
    ],
    [
      4589760,
      555.14,
      5.70461
    ],
    [
      4630740,
      560.13,
      6.02782
    ],
    [
      4671720,
      565.11,
      5.88118
    ],
    [
      4712700,
      570.09,
      5.66276
    ],
    [
      4753680,
      575.07,
      5.7843
    ],
    [
      4794660,
      580.04,
      5.38066
    ],
    [
      4835640,
      585.03,
      5.80655
    ],
    [
      4876620,
      590.01,
      5.59838
