{
  "cfg": {
    "dim": 2240,
    "head_type_logits": [
      -0.6931471805599453,
      -30.0,
      -30.0,
      -30.0,
      -30.0,
      -0.6931471805599453,
      -30.0,
      -30.0
    ],
    "lr": 0.001,
    "knob_lr_mult": 1.0,
    "batch_size": 2,
    "bf16": true,
    "lam_max": 1.585,
    "beta_max": 2.747,
    "shell_state_nonlin": "tanh",
    "shell_state_chunk": 1,
    "shell_fused": true
  },
  "model_params": 1258891264,
  "params_b": 1.2589,
  "counts": {
    "gdn2_recall": 32,
    "e97_track": 0,
    "count": 0,
    "latch": 0,
    "nonlin": 0,
    "gdn2_nonlin_shell": 32,
    "e97_raw": 0,
    "e97_delta": 0
  },
  "seed": 0,
  "dtype": "bf16",
  "steps": 1542,
  "batch_size": 2,
  "tokens": 6319116,
  "compile_seconds": 10.48,
  "wall_minutes": 12.004,
  "wall_seconds_budget": 720.0,
  "token_cap": null,
  "avg_loss": 6.24844,
  "final_loss": 5.56875,
  "stop_reason": "wall_cap",
  "nan_seen": false,
  "nonfinite_grad": false,
  "sustained_tok_s": 8847.2,
  "peak_mem_mb": 25097.4,
  "heldout": {
    "heldout_nats_per_token": 5.4675,
    "tokens_per_byte": 0.25942,
    "heldout_bpb": 2.04632,
    "n_batches": 40,
    "slice": {
      "path": "/home/erikg/ndm/.wg-worktrees/agent-732/scripts/.pile_heldout_slice.txt",
      "bytes": 9999511,
      "sha256": "3e4241a946e76c31220d21ec45db3cec193d94227681357e72ca477ad77fe25a",
      "sha256_ok": true
    }
  },
  "curve": [
    [
      40980,
      4.67,
      9.19515
    ],
    [
      81960,
      9.13,
      8.4785
    ],
    [
      122940,
      13.65,
      8.77437
    ],
    [
      163920,
      18.18,
      8.35325
    ],
    [
      204900,
      22.72,
      8.04159
    ],
    [
      245880,
      27.27,
      8.34672
    ],
    [
      286860,
      31.85,
      7.83821
    ],
    [
      327840,
      36.42,
      7.56892
    ],
    [
      368820,
      41.01,
      7.30369
    ],
    [
      409800,
      45.61,
      7.17002
    ],
    [
      450780,
      50.22,
      6.86229
    ],
    [
      491760,
      54.99,
      7.68618
    ],
    [
      532740,
      59.64,
      7.11516
    ],
    [
      573720,
      64.3,
      7.38998
    ],
    [
      614700,
      68.95,
      7.19512
    ],
    [
      655680,
      73.62,
      7.18092
    ],
    [
      696660,
      78.28,
      7.32854
    ],
    [
      737640,
      82.95,
      7.18327
    ],
    [
      778620,
      87.61,
      7.55139
    ],
    [
      819600,
      92.28,
      6.73459
    ],
    [
      860580,
      96.95,
      7.01539
    ],
    [
      901560,
      101.62,
      6.78555
    ],
    [
      942540,
      106.3,
      5.89553
    ],
    [
      983520,
      110.97,
      6.16035
    ],
    [
      1024500,
      115.64,
      8.06165
    ],
    [
      1065480,
      120.32,
      6.72069
    ],
    [
      1106460,
      124.98,
      7.0391
    ],
    [
      1147440,
      129.76,
      6.81571
    ],
    [
      1188420,
      134.43,
      6.523
    ],
    [
      1229400,
      139.1,
      6.58171
    ],
    [
      1270380,
      143.77,
      6.66952
    ],
    [
      1311360,
      148.43,
      6.56564
    ],
    [
      1352340,
      153.1,
      5.97748
    ],
    [
      1393320,
      157.77,
      6.67083
    ],
    [
      1434300,
      162.44,
      6.75658
    ],
    [
      1475280,
      167.1,
      7.31943
    ],
    [
      1516260,
      171.78,
      7.131
    ],
    [
      1557240,
      176.45,
      6.7333
    ],
    [
      1598220,
      181.13,
      6.19227
    ],
    [
      1639200,
      185.81,
      6.41365
    ],
    [
      1680180,
      190.49,
      7.55785
    ],
    [
      1721160,
      195.17,
      6.37195
    ],
    [
      1762140,
      199.83,
      5.63817
    ],
    [
      1803120,
      204.59,
      6.40311
    ],
    [
      1844100,
      209.26,
      6.67466
    ],
    [
      1885080,
      213.93,
      6.63586
    ],
    [
      1926060,
      218.6,
      5.98056
    ],
    [
      1967040,
      223.26,
      6.72872
    ],
    [
      2008020,
      227.92,
      6.44135
    ],
    [
      2049000,
      232.62,
      4.78425
    ],
    [
      2089980,
      237.32,
      6.43634
    ],
    [
      2130960,
      242.01,
      5.89101
    ],
    [
      2171940,
      246.69,
      6.35043
    ],
    [
      2212920,
      251.36,
      5.33508
    ],
    [
      2253900,
      256.03,
      6.07538
    ],
    [
      2294880,
      260.71,
      6.60838
    ],
    [
      2335860,
      265.41,
      6.74323
    ],
    [
      2376840,
      270.09,
      5.80846
    ],
    [
      2417820,
      274.78,
      5.78507
    ],
    [
      2458800,
      279.45,
      6.70724
    ],
    [
      2499780,
      284.37,
      6.51894
    ],
    [
      2540760,
      289.04,
      6.10442
    ],
    [
      2581740,
      293.71,
      6.25774
    ],
    [
      2622720,
      298.4,
      5.30982
    ],
    [
      2663700,
      303.08,
      6.3286
    ],
    [
      2704680,
      307.76,
      5.71512
    ],
    [
      2745660,
      312.45,
      5.79948
    ],
    [
      2786640,
      317.12,
      6.19702
    ],
    [
      2827620,
      321.81,
      6.23983
    ],
    [
      2868600,
      326.48,
      5.56664
    ],
    [
      2909580,
      331.15,
      6.23254
    ],
    [
      2950560,
      335.84,
      6.196
    ],
    [
      2991540,
      340.52,
      6.34103
    ],
    [
      3032520,
      345.2,
      5.95962
    ],
    [
      3073500,
      349.88,
      6.45977
    ],
    [
      3114480,
      354.55,
      6.04622
    ],
    [
      3155460,
      359.37,
      5.32427
    ],
    [
      3196440,
      364.04,
      6.09131
    ],
    [
      3237420,
      368.71,
      6.56023
    ],
    [
      3278400,
      373.37,
      5.79411
    ],
    [
      3319380,
      378.03,
      6.01687
    ],
    [
      3360360,
      382.7,
      6.9923
    ],
    [
      3401340,
      387.36,
      5.97942
    ],
    [
      3442320,
      392.03,
      6.24768
    ],
    [
      3483300,
      396.69,
      6.088
    ],
    [
      3524280,
      401.36,
      5.8243
    ],
    [
      3565260,
      406.02,
      5.80165
    ],
    [
      3606240,
      410.69,
      6.55766
    ],
    [
      3647220,
      415.35,
      6.20083
    ],
    [
      3688200,
      420.0,
      6.28813
    ],
    [
      3729180,
      424.66,
      6.22444
    ],
    [
      3770160,
      429.33,
      6.10255
    ],
    [
      3811140,
      434.11,
      5.98928
    ],
    [
      3852120,
      438.78,
      6.49401
    ],
    [
      3893100,
      443.44,
      5.9654
    ],
    [
      3934080,
      448.11,
      6.35425
    ],
    [
      3975060,
      452.78,
      6.25174
    ],
    [
      4016040,
      457.44,
      6.6787
    ],
    [
      4057020,
      462.11,
      6.38856
    ],
    [
      4098000,
      466.78,
      6.34164
    ],
    [
      4138980,
      471.44,
      4.90042
    ],
    [
      4179960,
      476.09,
      5.99964
    ],
    [
      4220940,
      480.75,
      6.25269
    ],
    [
      4261920,
      485.42,
      6.06065
    ],
    [
      4302900,
      490.08,
      5.28624
    ],
    [
      4343880,
      494.75,
      5.78147
    ],
    [
      4384860,
      499.41,
      4.94046
    ],
    [
      4425840,
      504.06,
      4.59582
    ],
    [
      4466820,
      508.81,
      6.15561
    ],
    [
      4507800,
      513.47,
      4.99631
    ],
    [
      4548780,
      518.13,
      6.76439
    ],
    [
      4589760,
      522.81,
      5.7265
    ],
    [
      4630740,
      527.47,
      5.99932
    ],
    [
      4671720,
      532.15,
      5.88575
    ],
    [
      4712700,
      536.82,
      5.67273
    ],
    [
      4753680,
      541.48,
      5.78744
    ],
    [
      4794660,
      546.16,
      5.3586
    ],
    [
      4835640,
      550.83,
      5.80517
    ],
    [
      4876620,
      555.5,
      5.56088
    ],
