{
  "cfg": {
    "dim": 2240,
    "head_type_logits": [
      -0.6931471805599453,
      -30.0,
      -30.0,
      -30.0,
      -30.0,
      -0.6931471805599453,
      -30.0,
      -30.0
    ],
    "lr": 0.001,
    "knob_lr_mult": 1.0,
    "batch_size": 2,
    "bf16": true,
    "lam_max": 1.585,
    "beta_max": 2.747,
    "shell_state_nonlin": "tanh",
    "shell_state_chunk": 128,
    "shell_fused": true
  },
  "model_params": 1258891264,
  "params_b": 1.2589,
  "counts": {
    "gdn2_recall": 32,
    "e97_track": 0,
    "count": 0,
    "latch": 0,
    "nonlin": 0,
    "gdn2_nonlin_shell": 32,
    "e97_raw": 0,
    "e97_delta": 0
  },
  "seed": 0,
  "dtype": "bf16",
  "steps": 1459,
  "batch_size": 2,
  "tokens": 5978982,
  "compile_seconds": 10.29,
  "wall_minutes": 12.003,
  "wall_seconds_budget": 720.0,
  "token_cap": null,
  "avg_loss": 6.30962,
  "final_loss": 5.69245,
  "stop_reason": "wall_cap",
  "nan_seen": false,
  "nonfinite_grad": false,
  "sustained_tok_s": 8381.6,
  "peak_mem_mb": 25095.4,
  "heldout": {
    "heldout_nats_per_token": 5.51059,
    "tokens_per_byte": 0.25942,
    "heldout_bpb": 2.06244,
    "n_batches": 40,
    "slice": {
      "path": "/home/erikg/ndm/.wg-worktrees/agent-732/scripts/.pile_heldout_slice.txt",
      "bytes": 9999511,
      "sha256": "3e4241a946e76c31220d21ec45db3cec193d94227681357e72ca477ad77fe25a",
      "sha256_ok": true
    }
  },
  "curve": [
    [
      40980,
      4.72,
      9.17173
    ],
    [
      81960,
      9.27,
      8.54278
    ],
    [
      122940,
      13.83,
      8.80238
    ],
    [
      163920,
      18.42,
      8.19193
    ],
    [
      204900,
      23.05,
      8.08033
    ],
    [
      245880,
      27.74,
      8.1806
    ],
    [
      286860,
      32.41,
      7.84568
    ],
    [
      327840,
      37.1,
      7.66266
    ],
    [
      368820,
      41.82,
      7.33692
    ],
    [
      409800,
      46.6,
      7.20573
    ],
    [
      450780,
      51.38,
      6.8882
    ],
    [
      491760,
      56.62,
      7.72104
    ],
    [
      532740,
      61.42,
      7.18853
    ],
    [
      573720,
      66.22,
      7.39349
    ],
    [
      614700,
      71.05,
      7.23195
    ],
    [
      655680,
      75.9,
      7.21162
    ],
    [
      696660,
      80.76,
      7.33995
    ],
    [
      737640,
      85.62,
      7.21807
    ],
    [
      778620,
      90.48,
      7.53852
    ],
    [
      819600,
      95.34,
      6.78247
    ],
    [
      860580,
      100.19,
      6.97876
    ],
    [
      901560,
      105.07,
      6.79653
    ],
    [
      942540,
      109.95,
      5.92996
    ],
    [
      983520,
      114.84,
      6.12629
    ],
    [
      1024500,
      119.73,
      8.12475
    ],
    [
      1065480,
      124.63,
      6.83431
    ],
    [
      1106460,
      129.53,
      7.06184
    ],
    [
      1147440,
      134.78,
      6.88733
    ],
    [
      1188420,
      139.72,
      6.54349
    ],
    [
      1229400,
      144.66,
      6.56035
    ],
    [
      1270380,
      149.58,
      6.68826
    ],
    [
      1311360,
      154.5,
      6.60739
    ],
    [
      1352340,
      159.42,
      5.97886
    ],
    [
      1393320,
      164.34,
      6.68009
    ],
    [
      1434300,
      169.25,
      6.79422
    ],
    [
      1475280,
      174.18,
      7.63871
    ],
    [
      1516260,
      179.12,
      7.15112
    ],
    [
      1557240,
      184.09,
      6.73558
    ],
    [
      1598220,
      189.03,
      6.21707
    ],
    [
      1639200,
      193.99,
      6.40684
    ],
    [
      1680180,
      198.93,
      7.53495
    ],
    [
      1721160,
      203.88,
      6.40784
    ],
    [
      1762140,
      208.84,
      5.67543
    ],
    [
      1803120,
      213.94,
      6.42465
    ],
    [
      1844100,
      218.88,
      6.84978
    ],
    [
      1885080,
      223.82,
      6.66018
    ],
    [
      1926060,
      228.76,
      5.96916
    ],
    [
      1967040,
      233.71,
      6.7676
    ],
    [
      2008020,
      238.66,
      6.43537
    ],
    [
      2049000,
      243.61,
      4.84981
    ],
    [
      2089980,
      248.56,
      6.47476
    ],
    [
      2130960,
      253.5,
      5.96937
    ],
    [
      2171940,
      258.45,
      6.38611
    ],
    [
      2212920,
      263.39,
      5.35437
    ],
    [
      2253900,
      268.34,
      6.10899
    ],
    [
      2294880,
      273.28,
      6.59824
    ],
    [
      2335860,
      278.23,
      6.75509
    ],
    [
      2376840,
      283.18,
      5.84509
    ],
    [
      2417820,
      288.12,
      5.80119
    ],
    [
      2458800,
      293.08,
      6.77688
    ],
    [
      2499780,
      298.13,
      6.50467
    ],
    [
      2540760,
      303.07,
      6.12014
    ],
    [
      2581740,
      308.03,
      6.26544
    ],
    [
      2622720,
      312.97,
      5.35696
    ],
    [
      2663700,
      317.92,
      6.36522
    ],
    [
      2704680,
      322.87,
      5.7211
    ],
    [
      2745660,
      327.82,
      5.84971
    ],
    [
      2786640,
      332.76,
      6.21217
    ],
    [
      2827620,
      337.71,
      6.25799
    ],
    [
      2868600,
      342.66,
      5.55895
    ],
    [
      2909580,
      347.61,
      6.29708
    ],
    [
      2950560,
      352.55,
      6.20854
    ],
    [
      2991540,
      357.52,
      6.35833
    ],
    [
      3032520,
      362.52,
      5.97048
    ],
    [
      3073500,
      367.5,
      6.19482
    ],
    [
      3114480,
      372.48,
      6.07459
    ],
    [
      3155460,
      377.97,
      5.33198
    ],
    [
      3196440,
      382.93,
      6.12957
    ],
    [
      3237420,
      387.89,
      6.69167
    ],
    [
      3278400,
      392.85,
      5.84469
    ],
    [
      3319380,
      397.82,
      6.0275
    ],
    [
      3360360,
      402.79,
      7.09793
    ],
    [
      3401340,
      407.75,
      6.02148
    ],
    [
      3442320,
      412.71,
      6.24244
    ],
    [
      3483300,
      417.67,
      6.14295
    ],
    [
      3524280,
      422.63,
      5.7577
    ],
    [
      3565260,
      427.58,
      5.87781
    ],
    [
      3606240,
      432.53,
      6.57817
    ],
    [
      3647220,
      437.49,
      6.24544
    ],
    [
      3688200,
      442.44,
      6.34775
    ],
    [
      3729180,
      447.43,
      6.29868
    ],
    [
      3770160,
      452.39,
      6.0998
    ],
    [
      3811140,
      457.77,
      6.01683
    ],
    [
      3852120,
      462.72,
      6.52882
    ],
    [
      3893100,
      467.66,
      5.98402
    ],
    [
      3934080,
      472.61,
      6.39751
    ],
    [
      3975060,
      477.54,
      6.22808
    ],
    [
      4016040,
      482.5,
      6.80422
    ],
    [
      4057020,
      487.44,
      6.43134
    ],
    [
      4098000,
      492.38,
      6.36975
    ],
    [
      4138980,
      497.33,
      4.93266
    ],
    [
      4179960,
      502.28,
      6.00758
    ],
    [
      4220940,
      507.2,
      6.27516
    ],
    [
      4261920,
      512.13,
      6.06039
    ],
    [
      4302900,
      517.05,
      5.30481
    ],
    [
      4343880,
      521.98,
      5.80126
    ],
    [
      4384860,
      526.91,
      4.95649
    ],
    [
      4425840,
      531.85,
      4.57818
    ],
    [
      4466820,
      536.91,
      6.19006
    ],
    [
      4507800,
      541.84,
      5.03821
    ],
    [
      4548780,
      546.78,
      6.80432
    ],
    [
      4589760,
      551.71,
      5.7419
    ],
    [
      4630740,
      556.64,
      6.02314
    ],
    [
      4671720,
      561.58,
      5.88536
    ],
    [
      4712700,
      566.51,
      5.68851
    ],
    [
      4753680,
      571.45,
      5.82043
    ],
    [
      4794660,
      576.38,
      5.40057
    ],
    [
      4835640,
      581.33,
      5.82749
    ],
    [
      4876620,
      586.27,
