{
  "cfg": {
    "dim": 2240,
    "head_type_logits": [
      0.0,
      -30.0,
      -30.0,
      -30.0,
      -30.0,
      -30.0,
      -30.0,
      -30.0
    ],
    "lr": 0.001,
    "knob_lr_mult": 1.0,
    "batch_size": 2,
    "bf16": true,
    "lam_max": 1.585,
    "beta_max": 2.747,
    "shell_state_nonlin": "identity",
    "shell_state_chunk": 64,
    "shell_fused": true
  },
  "model_params": 1258890688,
  "params_b": 1.2589,
  "counts": {
    "gdn2_recall": 64,
    "e97_track": 0,
    "count": 0,
    "latch": 0,
    "nonlin": 0,
    "gdn2_nonlin_shell": 0,
    "e97_raw": 0,
    "e97_delta": 0
  },
  "seed": 0,
  "dtype": "bf16",
  "steps": 1614,
  "batch_size": 2,
  "tokens": 6614172,
  "compile_seconds": 10.49,
  "wall_minutes": 12.003,
  "wall_seconds_budget": 720.0,
  "token_cap": null,
  "avg_loss": 6.20242,
  "final_loss": 5.49909,
  "stop_reason": "wall_cap",
  "nan_seen": false,
  "nonfinite_grad": false,
  "sustained_tok_s": 9254.4,
  "peak_mem_mb": 20644.9,
  "heldout": {
    "heldout_nats_per_token": 5.43386,
    "tokens_per_byte": 0.25942,
    "heldout_bpb": 2.03373,
    "n_batches": 40,
    "slice": {
      "path": "/home/erikg/ndm/.wg-worktrees/agent-732/scripts/.pile_heldout_slice.txt",
      "bytes": 9999511,
      "sha256": "3e4241a946e76c31220d21ec45db3cec193d94227681357e72ca477ad77fe25a",
      "sha256_ok": true
    }
  },
  "curve": [
    [
      40980,
      4.24,
      9.15429
    ],
    [
      81960,
      8.34,
      8.42488
    ],
    [
      122940,
      12.45,
      8.71264
    ],
    [
      163920,
      16.64,
      8.11779
    ],
    [
      204900,
      20.84,
      7.99483
    ],
    [
      245880,
      25.04,
      8.16696
    ],
    [
      286860,
      29.35,
      7.84673
    ],
    [
      327840,
      33.6,
      7.46026
    ],
    [
      368820,
      37.88,
      7.24656
    ],
    [
      409800,
      42.15,
      7.15267
    ],
    [
      450780,
      46.44,
      6.75099
    ],
    [
      491760,
      50.74,
      7.7516
    ],
    [
      532740,
      55.1,
      7.13594
    ],
    [
      573720,
      59.48,
      7.36952
    ],
    [
      614700,
      63.87,
      7.18119
    ],
    [
      655680,
      68.26,
      7.17511
    ],
    [
      696660,
      72.67,
      7.36775
    ],
    [
      737640,
      77.08,
      7.1875
    ],
    [
      778620,
      81.51,
      7.47695
    ],
    [
      819600,
      85.94,
      6.73892
    ],
    [
      860580,
      90.36,
      6.97317
    ],
    [
      901560,
      94.74,
      6.77745
    ],
    [
      942540,
      99.21,
      5.91663
    ],
    [
      983520,
      103.67,
      6.29308
    ],
    [
      1024500,
      108.11,
      8.06304
    ],
    [
      1065480,
      112.58,
      6.72626
    ],
    [
      1106460,
      117.04,
      7.04644
    ],
    [
      1147440,
      121.51,
      6.81183
    ],
    [
      1188420,
      125.98,
      6.53038
    ],
    [
      1229400,
      130.44,
      6.52882
    ],
    [
      1270380,
      134.93,
      6.63636
    ],
    [
      1311360,
      139.39,
      6.5688
    ],
    [
      1352340,
      143.85,
      5.95137
    ],
    [
      1393320,
      148.32,
      6.67912
    ],
    [
      1434300,
      152.78,
      6.75523
    ],
    [
      1475280,
      157.27,
      7.34559
    ],
    [
      1516260,
      161.76,
      7.14898
    ],
    [
      1557240,
      166.25,
      6.68647
    ],
    [
      1598220,
      170.71,
      6.12833
    ],
    [
      1639200,
      175.18,
      6.41547
    ],
    [
      1680180,
      179.66,
      7.56033
    ],
    [
      1721160,
      184.15,
      6.30533
    ],
    [
      1762140,
      188.61,
      5.63968
    ],
    [
      1803120,
      193.27,
      6.38988
    ],
    [
      1844100,
      197.74,
      6.7002
    ],
    [
      1885080,
      202.24,
      6.62515
    ],
    [
      1926060,
      206.71,
      5.999
    ],
    [
      1967040,
      211.21,
      6.7553
    ],
    [
      2008020,
      215.68,
      6.34454
    ],
    [
      2049000,
      220.16,
      4.76111
    ],
    [
      2089980,
      224.64,
      6.46152
    ],
    [
      2130960,
      229.12,
      5.88396
    ],
    [
      2171940,
      233.59,
      6.32953
    ],
    [
      2212920,
      238.1,
      5.22698
    ],
    [
      2253900,
      242.58,
      6.03425
    ],
    [
      2294880,
      247.07,
      6.58342
    ],
    [
      2335860,
      251.57,
      6.75315
    ],
    [
      2376840,
      256.05,
      5.79857
    ],
    [
      2417820,
      260.55,
      5.73851
    ],
    [
      2458800,
      265.05,
      6.70656
    ],
    [
      2499780,
      269.56,
      6.48414
    ],
    [
      2540760,
      274.05,
      6.0967
    ],
    [
      2581740,
      278.49,
      6.22646
    ],
    [
      2622720,
      282.99,
      5.36881
    ],
    [
      2663700,
      287.49,
      6.29817
    ],
    [
      2704680,
      291.97,
      5.74266
    ],
    [
      2745660,
      296.46,
      5.80319
    ],
    [
      2786640,
      300.94,
      6.20604
    ],
    [
      2827620,
      305.43,
      6.1885
    ],
    [
      2868600,
      309.9,
      5.58546
    ],
    [
      2909580,
      314.41,
      6.25672
    ],
    [
      2950560,
      318.91,
      6.16877
    ],
    [
      2991540,
      323.41,
      6.32106
    ],
    [
      3032520,
      327.88,
      5.93043
    ],
    [
      3073500,
      332.35,
      5.94584
    ],
    [
      3114480,
      336.82,
      6.04131
    ],
    [
      3155460,
      341.32,
      5.32992
    ],
    [
      3196440,
      345.81,
      6.09713
    ],
    [
      3237420,
      350.29,
      6.61723
    ],
    [
      3278400,
      354.76,
      5.78936
    ],
    [
      3319380,
      359.25,
      6.02728
    ],
    [
      3360360,
      363.72,
      6.98418
    ],
    [
      3401340,
      368.21,
      5.98099
    ],
    [
      3442320,
      372.69,
      6.15484
    ],
    [
      3483300,
      377.18,
      6.11069
    ],
    [
      3524280,
      381.63,
      5.76411
    ],
    [
      3565260,
      386.09,
      5.75902
    ],
    [
      3606240,
      390.58,
      6.51858
    ],
    [
      3647220,
      395.06,
      6.19997
    ],
    [
      3688200,
      399.55,
      6.30649
    ],
    [
      3729180,
      404.04,
      6.2441
    ],
    [
      3770160,
      408.51,
      6.07992
    ],
    [
      3811140,
      412.99,
      5.92876
    ],
    [
      3852120,
      417.45,
      6.48298
    ],
    [
      3893100,
      421.94,
      5.94641
    ],
    [
      3934080,
      426.43,
      6.34171
    ],
    [
      3975060,
      430.93,
      6.21571
    ],
    [
      4016040,
      435.43,
      6.67982
    ],
    [
      4057020,
      439.92,
      6.42775
    ],
    [
      4098000,
      444.41,
      6.29784
    ],
    [
      4138980,
      448.9,
      4.86728
    ],
    [
      4179960,
      453.57,
      5.96708
    ],
    [
      4220940,
      458.05,
      6.26451
    ],
    [
      4261920,
      462.54,
      5.98524
    ],
    [
      4302900,
      467.03,
      5.27543
    ],
    [
      4343880,
      471.52,
      5.77549
    ],
    [
      4384860,
      476.01,
      4.95958
    ],
    [
      4425840,
      480.5,
      4.61274
    ],
    [
      4466820,
      484.99,
      6.1344
    ],
    [
      4507800,
      489.47,
      5.08822
    ],
    [
      4548780,
      493.96,
      6.72437
    ],
    [
      4589760,
      498.44,
      5.7064
    ],
    [
      4630740,
      502.92,
      5.99218
    ],
    [
      4671720,
      507.41,
      5.80581
    ],
    [
      4712700,
      511.89,
      5.68821
    ],
    [
      4753680,
      516.37,
      5.80524
    ],
    [
      4794660,
      520.86,
      5.35407
    ],
    [
      4835640,
      525.35,
      5.79704
    ],
    [
      4876620,
      529.84,
      5.55194
    ],
    [
