{
  "cfg": {
    "dim": 2240,
    "head_type_logits": [
      -0.6931471805599453,
      -30.0,
      -30.0,
      -30.0,
      -30.0,
      -0.6931471805599453,
      -30.0,
      -30.0
    ],
    "lr": 0.001,
    "knob_lr_mult": 1.0,
    "batch_size": 2,
    "bf16": true,
    "lam_max": 1.585,
    "beta_max": 2.747,
    "shell_state_nonlin": "identity",
    "shell_state_chunk": 64,
    "shell_fused": true
  },
  "model_params": 1258891264,
  "params_b": 1.2589,
  "counts": {
    "gdn2_recall": 32,
    "e97_track": 0,
    "count": 0,
    "latch": 0,
    "nonlin": 0,
    "gdn2_nonlin_shell": 32,
    "e97_raw": 0,
    "e97_delta": 0
  },
  "seed": 0,
  "dtype": "bf16",
  "steps": 1221,
  "batch_size": 2,
  "tokens": 5003658,
  "compile_seconds": 9.4,
  "wall_minutes": 8.827,
  "wall_seconds_budget": 720.0,
  "token_cap": 5000000,
  "avg_loss": 6.40984,
  "final_loss": 5.72907,
  "stop_reason": "token_cap",
  "nan_seen": false,
  "nonfinite_grad": false,
  "sustained_tok_s": 9521.1,
  "peak_mem_mb": 20613.3,
  "heldout": {
    "heldout_nats_per_token": 5.60056,
    "tokens_per_byte": 0.25942,
    "heldout_bpb": 2.09612,
    "n_batches": 40,
    "slice": {
      "path": "/home/erikg/ndm/.wg-worktrees/agent-732/scripts/.pile_heldout_slice.txt",
      "bytes": 9999511,
      "sha256": "3e4241a946e76c31220d21ec45db3cec193d94227681357e72ca477ad77fe25a",
      "sha256_ok": true
    }
  },
  "curve": [
    [
      40980,
      4.17,
      9.15792
    ],
    [
      81960,
      8.37,
      8.46831
    ],
    [
      122940,
      12.57,
      8.85116
    ],
    [
      163920,
      16.78,
      8.19515
    ],
    [
      204900,
      21.03,
      8.09754
    ],
    [
      245880,
      25.29,
      7.97397
    ],
    [
      286860,
      29.56,
      7.76721
    ],
    [
      327840,
      33.84,
      7.55137
    ],
    [
      368820,
      38.12,
      7.35063
    ],
    [
      409800,
      42.41,
      7.20095
    ],
    [
      450780,
      46.7,
      6.91562
    ],
    [
      491760,
      51.01,
      7.72694
    ],
    [
      532740,
      55.32,
      7.13812
    ],
    [
      573720,
      59.63,
      7.41419
    ],
    [
      614700,
      63.95,
      7.23802
    ],
    [
      655680,
      68.27,
      7.2055
    ],
    [
      696660,
      72.6,
      7.35931
    ],
    [
      737640,
      76.92,
      7.25316
    ],
    [
      778620,
      81.25,
      7.53552
    ],
    [
      819600,
      85.78,
      6.80533
    ],
    [
      860580,
      90.12,
      6.96476
    ],
    [
      901560,
      94.45,
      6.80344
    ],
    [
      942540,
      98.78,
      5.9092
    ],
    [
      983520,
      103.11,
      6.24216
    ],
    [
      1024500,
      107.44,
      8.05483
    ],
    [
      1065480,
      111.78,
      6.78287
    ],
    [
      1106460,
      116.12,
      7.04566
    ],
    [
      1147440,
      120.45,
      6.82441
    ],
    [
      1188420,
      124.78,
      6.5458
    ],
    [
      1229400,
      129.11,
      6.55719
    ],
    [
      1270380,
      133.45,
      6.71071
    ],
    [
      1311360,
      137.79,
      6.58915
    ],
    [
      1352340,
      142.14,
      6.04252
    ],
    [
      1393320,
      146.48,
      6.67876
    ],
    [
      1434300,
      150.82,
      6.77692
    ],
    [
      1475280,
      155.17,
      7.29408
    ],
    [
      1516260,
      159.51,
      7.13704
    ],
    [
      1557240,
      163.86,
      6.73279
    ],
    [
      1598220,
      168.2,
      6.15225
    ],
    [
      1639200,
      172.55,
      6.46969
    ],
    [
      1680180,
      176.89,
      7.57122
    ],
    [
      1721160,
      181.25,
      6.40647
    ],
    [
      1762140,
      185.59,
      5.69056
    ],
    [
      1803120,
      189.95,
      6.34961
    ],
    [
      1844100,
      194.3,
      6.6359
    ],
    [
      1885080,
      198.65,
      6.65163
    ],
    [
      1926060,
      203.18,
      5.95029
    ],
    [
      1967040,
      207.52,
      6.74064
    ],
    [
      2008020,
      211.87,
      6.32753
    ],
    [
      2049000,
      216.22,
      4.8125
    ],
    [
      2089980,
      220.56,
      6.44481
    ],
    [
      2130960,
      224.91,
      5.90253
    ],
    [
      2171940,
      229.25,
      6.36417
    ],
    [
      2212920,
      233.6,
      5.36519
    ],
    [
      2253900,
      237.94,
      6.15799
    ],
    [
      2294880,
      242.28,
      6.59891
    ],
    [
      2335860,
      246.63,
      6.75022
    ],
    [
      2376840,
      250.98,
      5.80265
    ],
    [
      2417820,
      255.33,
      5.77193
    ],
    [
      2458800,
      259.67,
      6.65579
    ],
    [
      2499780,
      264.01,
      6.49709
    ],
    [
      2540760,
      268.36,
      6.13387
    ],
    [
      2581740,
      272.7,
      6.23736
    ],
    [
      2622720,
      277.04,
      5.38993
    ],
    [
      2663700,
      281.38,
      6.32402
    ],
    [
      2704680,
      285.73,
      5.73625
    ],
    [
      2745660,
      290.06,
      5.8136
    ],
    [
      2786640,
      294.39,
      6.18708
    ],
    [
      2827620,
      298.73,
      6.23008
    ],
    [
      2868600,
      303.06,
      5.59764
    ],
    [
      2909580,
      307.4,
      6.26405
    ],
    [
      2950560,
      311.75,
      6.1751
    ],
    [
      2991540,
      316.25,
      6.32319
    ],
    [
      3032520,
      320.59,
      5.9671
    ],
    [
      3073500,
      324.92,
      6.06544
    ],
    [
      3114480,
      329.25,
      6.07689
    ],
    [
      3155460,
      333.58,
      5.33613
    ],
    [
      3196440,
      337.91,
      6.09436
    ],
    [
      3237420,
      342.24,
      6.54395
    ],
    [
      3278400,
      346.58,
      5.74184
    ],
    [
      3319380,
      350.92,
      6.0286
    ],
    [
      3360360,
      355.26,
      7.03975
    ],
    [
      3401340,
      359.59,
      6.00627
    ],
    [
      3442320,
      363.94,
      6.22991
    ],
    [
      3483300,
      368.28,
      6.13253
    ],
    [
      3524280,
      372.62,
      5.81761
    ],
    [
      3565260,
      376.96,
      5.87354
    ],
    [
      3606240,
      381.3,
      6.56744
    ],
    [
      3647220,
      385.64,
      6.21007
    ],
    [
      3688200,
      389.97,
      6.30035
    ],
    [
      3729180,
      394.31,
      6.23223
    ],
    [
      3770160,
      398.65,
      6.09843
    ],
    [
      3811140,
      402.99,
      5.9425
    ],
    [
      3852120,
      407.32,
      6.47771
    ],
    [
      3893100,
      411.66,
      5.9264
    ],
    [
      3934080,
      416.0,
      6.37268
    ],
    [
      3975060,
      420.34,
      6.2216
    ],
    [
      4016040,
      424.69,
      6.62484
    ],
    [
      4057020,
      429.03,
      6.40157
    ],
    [
      4098000,
      433.55,
      6.31419
    ],
    [
      4138980,
      437.9,
      4.87792
    ],
    [
      4179960,
      442.24,
      6.01547
    ],
    [
      4220940,
      446.59,
      6.27795
    ],
    [
      4261920,
      450.92,
      6.0376
    ],
    [
      4302900,
      455.26,
      5.29001
    ],
    [
      4343880,
      459.61,
      5.80025
    ],
    [
      4384860,
      463.95,
      4.92166
    ],
    [
      4425840,
      468.3,
      4.62401
    ],
    [
      4466820,
      472.64,
      6.1478
    ],
    [
      4507800,
      476.99,
      5.06967
    ],
    [
      4548780,
      481.34,
      6.76893
    ],
    [
      4589760,
      485.69,
      5.71878
    ],
    [
      4630740,
      490.02,
      6.00496
    ],
    [
      4671720,
      494.37,
      5.79285
    ],
    [
      4712700,
      498.72,
      5.6724
    ],
    [
      4753680,
      503.07,
      5.78866
    ],
    [
      4794660,
      507.42,
      5.38565
    ],
    [
      4835640,
      511.77,
      5.83945
    ],
    [
      4876620,
      516.13,
      5.58764
