{
  "cfg": {
    "dim": 2240,
    "head_type_logits": [
      -0.6931471805599453,
      -30.0,
      -30.0,
      -30.0,
      -30.0,
      -0.6931471805599453,
      -30.0,
      -30.0
    ],
    "lr": 0.001,
    "knob_lr_mult": 1.0,
    "batch_size": 2,
    "bf16": true,
    "lam_max": 1.585,
    "beta_max": 2.747,
    "shell_state_nonlin": "tanh",
    "shell_state_chunk": 16,
    "shell_fused": true
  },
  "model_params": 1258891264,
  "params_b": 1.2589,
  "counts": {
    "gdn2_recall": 32,
    "e97_track": 0,
    "count": 0,
    "latch": 0,
    "nonlin": 0,
    "gdn2_nonlin_shell": 32,
    "e97_raw": 0,
    "e97_delta": 0
  },
  "seed": 0,
  "dtype": "bf16",
  "steps": 1521,
  "batch_size": 2,
  "tokens": 6233058,
  "compile_seconds": 10.49,
  "wall_minutes": 12.0,
  "wall_seconds_budget": 720.0,
  "token_cap": null,
  "avg_loss": 6.27097,
  "final_loss": 5.61074,
  "stop_reason": "wall_cap",
  "nan_seen": false,
  "nonfinite_grad": false,
  "sustained_tok_s": 8722.5,
  "peak_mem_mb": 25097.4,
  "heldout": {
    "heldout_nats_per_token": 5.48226,
    "tokens_per_byte": 0.25942,
    "heldout_bpb": 2.05184,
    "n_batches": 40,
    "slice": {
      "path": "/home/erikg/ndm/.wg-worktrees/agent-732/scripts/.pile_heldout_slice.txt",
      "bytes": 9999511,
      "sha256": "3e4241a946e76c31220d21ec45db3cec193d94227681357e72ca477ad77fe25a",
      "sha256_ok": true
    }
  },
  "curve": [
    [
      40980,
      4.71,
      9.19441
    ],
    [
      81960,
      9.19,
      8.51816
    ],
    [
      122940,
      13.73,
      8.84091
    ],
    [
      163920,
      18.3,
      8.1009
    ],
    [
      204900,
      22.9,
      8.05604
    ],
    [
      245880,
      27.53,
      8.09671
    ],
    [
      286860,
      32.17,
      7.79006
    ],
    [
      327840,
      36.84,
      7.58771
    ],
    [
      368820,
      41.53,
      7.36373
    ],
    [
      409800,
      46.21,
      7.17405
    ],
    [
      450780,
      50.9,
      6.90456
    ],
    [
      491760,
      55.74,
      7.73216
    ],
    [
      532740,
      60.46,
      7.12152
    ],
    [
      573720,
      65.2,
      7.39107
    ],
    [
      614700,
      69.94,
      7.24429
    ],
    [
      655680,
      74.67,
      7.2027
    ],
    [
      696660,
      79.42,
      7.38754
    ],
    [
      737640,
      84.18,
      7.24359
    ],
    [
      778620,
      88.92,
      7.51442
    ],
    [
      819600,
      93.67,
      6.7658
    ],
    [
      860580,
      98.41,
      6.99479
    ],
    [
      901560,
      103.16,
      6.81568
    ],
    [
      942540,
      107.91,
      5.89081
    ],
    [
      983520,
      112.67,
      6.16027
    ],
    [
      1024500,
      117.43,
      8.15424
    ],
    [
      1065480,
      122.19,
      6.85619
    ],
    [
      1106460,
      126.95,
      7.06468
    ],
    [
      1147440,
      131.84,
      6.82843
    ],
    [
      1188420,
      136.59,
      6.53872
    ],
    [
      1229400,
      141.35,
      6.57408
    ],
    [
      1270380,
      146.11,
      6.69841
    ],
    [
      1311360,
      150.86,
      6.59025
    ],
    [
      1352340,
      155.61,
      5.99271
    ],
    [
      1393320,
      160.35,
      6.69796
    ],
    [
      1434300,
      165.11,
      6.76781
    ],
    [
      1475280,
      169.85,
      7.3422
    ],
    [
      1516260,
      174.61,
      7.1678
    ],
    [
      1557240,
      179.36,
      6.72896
    ],
    [
      1598220,
      184.11,
      6.21025
    ],
    [
      1639200,
      188.86,
      6.37099
    ],
    [
      1680180,
      193.59,
      7.57488
    ],
    [
      1721160,
      198.33,
      6.35681
    ],
    [
      1762140,
      203.08,
      5.61607
    ],
    [
      1803120,
      207.93,
      6.41449
    ],
    [
      1844100,
      212.66,
      6.67162
    ],
    [
      1885080,
      217.4,
      6.67175
    ],
    [
      1926060,
      222.13,
      6.04525
    ],
    [
      1967040,
      226.88,
      6.76703
    ],
    [
      2008020,
      231.62,
      6.38134
    ],
    [
      2049000,
      236.36,
      4.83049
    ],
    [
      2089980,
      241.1,
      6.45247
    ],
    [
      2130960,
      245.85,
      5.93621
    ],
    [
      2171940,
      250.59,
      6.36985
    ],
    [
      2212920,
      255.33,
      5.3709
    ],
    [
      2253900,
      260.06,
      6.09294
    ],
    [
      2294880,
      264.79,
      6.60518
    ],
    [
      2335860,
      269.52,
      6.78562
    ],
    [
      2376840,
      274.26,
      5.79566
    ],
    [
      2417820,
      279.0,
      5.78067
    ],
    [
      2458800,
      283.73,
      6.73491
    ],
    [
      2499780,
      288.59,
      6.52454
    ],
    [
      2540760,
      293.32,
      6.11824
    ],
    [
      2581740,
      298.04,
      6.26602
    ],
    [
      2622720,
      302.77,
      5.36012
    ],
    [
      2663700,
      307.51,
      6.32373
    ],
    [
      2704680,
      312.25,
      5.71352
    ],
    [
      2745660,
      316.98,
      5.83864
    ],
    [
      2786640,
      321.72,
      6.20666
    ],
    [
      2827620,
      326.46,
      6.32006
    ],
    [
      2868600,
      331.19,
      5.59953
    ],
    [
      2909580,
      335.92,
      6.24286
    ],
    [
      2950560,
      340.66,
      6.14729
    ],
    [
      2991540,
      345.39,
      6.33359
    ],
    [
      3032520,
      350.14,
      5.9565
    ],
    [
      3073500,
      354.89,
      6.19253
    ],
    [
      3114480,
      359.64,
      6.06068
    ],
    [
      3155460,
      364.49,
      5.37139
    ],
    [
      3196440,
      369.23,
      6.08464
    ],
    [
      3237420,
      373.97,
      6.54742
    ],
    [
      3278400,
      378.71,
      5.80786
    ],
    [
      3319380,
      383.44,
      6.03291
    ],
    [
      3360360,
      388.17,
      7.09695
    ],
    [
      3401340,
      392.9,
      5.99072
    ],
    [
      3442320,
      397.62,
      6.2591
    ],
    [
      3483300,
      402.35,
      6.123
    ],
    [
      3524280,
      407.08,
      5.77399
    ],
    [
      3565260,
      411.81,
      5.8272
    ],
    [
      3606240,
      416.53,
      6.56343
    ],
    [
      3647220,
      421.25,
      6.22365
    ],
    [
      3688200,
      425.98,
      6.35135
    ],
    [
      3729180,
      430.7,
      6.2648
    ],
    [
      3770160,
      435.44,
      6.09569
    ],
    [
      3811140,
      440.24,
      5.96187
    ],
    [
      3852120,
      444.97,
      6.49647
    ],
    [
      3893100,
      449.7,
      5.92547
    ],
    [
      3934080,
      454.42,
      6.37115
    ],
    [
      3975060,
      459.16,
      6.24014
    ],
    [
      4016040,
      463.87,
      6.73522
    ],
    [
      4057020,
      468.61,
      6.39708
    ],
    [
      4098000,
      473.33,
      6.32322
    ],
    [
      4138980,
      478.07,
      4.9074
    ],
    [
      4179960,
      482.81,
      6.03458
    ],
    [
      4220940,
      487.54,
      6.28544
    ],
    [
      4261920,
      492.27,
      6.01932
    ],
    [
      4302900,
      497.01,
      5.31539
    ],
    [
      4343880,
      501.75,
      5.80085
    ],
    [
      4384860,
      506.48,
      4.95236
    ],
    [
      4425840,
      511.23,
      4.5989
    ],
    [
      4466820,
      516.05,
      6.16697
    ],
    [
      4507800,
      520.78,
      5.11123
    ],
    [
      4548780,
      525.52,
      6.76027
    ],
    [
      4589760,
      530.25,
      5.73748
    ],
    [
      4630740,
      534.98,
      6.01496
    ],
    [
      4671720,
      539.71,
      5.89702
    ],
    [
      4712700,
      544.45,
      5.68775
    ],
    [
      4753680,
      549.18,
      5.84595
    ],
    [
      4794660,
      553.91,
      5.39063
    ],
    [
      4835640,
      558.64,
      5.85134
    ],
    [
      4876620,
      563.37,
      5.55459
