{
  "cfg": {
    "dim": 2240,
    "head_type_logits": [
      -0.6931471805599453,
      -30.0,
      -30.0,
      -30.0,
      -30.0,
      -0.6931471805599453,
      -30.0,
      -30.0
    ],
    "lr": 0.001,
    "knob_lr_mult": 1.0,
    "batch_size": 2,
    "bf16": true,
    "lam_max": 1.585,
    "beta_max": 2.747,
    "shell_state_nonlin": "tanh",
    "shell_state_chunk": 16,
    "shell_fused": true
  },
  "model_params": 1258891264,
  "params_b": 1.2589,
  "counts": {
    "gdn2_recall": 32,
    "e97_track": 0,
    "count": 0,
    "latch": 0,
    "nonlin": 0,
    "gdn2_nonlin_shell": 32,
    "e97_raw": 0,
    "e97_delta": 0
  },
  "seed": 0,
  "dtype": "bf16",
  "steps": 1221,
  "batch_size": 2,
  "tokens": 5003658,
  "compile_seconds": 12.09,
  "wall_minutes": 9.918,
  "wall_seconds_budget": 720.0,
  "token_cap": 5000000,
  "avg_loss": 6.40723,
  "final_loss": 5.73527,
  "stop_reason": "token_cap",
  "nan_seen": false,
  "nonfinite_grad": false,
  "sustained_tok_s": 8471.2,
  "peak_mem_mb": 25098.2,
  "heldout": {
    "heldout_nats_per_token": 5.60243,
    "tokens_per_byte": 0.25942,
    "heldout_bpb": 2.09681,
    "n_batches": 40,
    "slice": {
      "path": "/home/erikg/ndm/.wg-worktrees/agent-732/scripts/.pile_heldout_slice.txt",
      "bytes": 9999511,
      "sha256": "3e4241a946e76c31220d21ec45db3cec193d94227681357e72ca477ad77fe25a",
      "sha256_ok": true
    }
  },
  "curve": [
    [
      40980,
      4.87,
      9.14999
    ],
    [
      81960,
      9.44,
      8.47957
    ],
    [
      122940,
      14.04,
      8.79305
    ],
    [
      163920,
      18.65,
      8.09039
    ],
    [
      204900,
      23.28,
      8.09015
    ],
    [
      245880,
      27.95,
      8.14018
    ],
    [
      286860,
      32.62,
      7.84485
    ],
    [
      327840,
      37.32,
      7.5799
    ],
    [
      368820,
      42.02,
      7.36473
    ],
    [
      409800,
      46.74,
      7.18149
    ],
    [
      450780,
      51.49,
      6.92453
    ],
    [
      491760,
      56.27,
      7.68938
    ],
    [
      532740,
      61.05,
      7.15264
    ],
    [
      573720,
      65.85,
      7.38976
    ],
    [
      614700,
      70.64,
      7.19278
    ],
    [
      655680,
      75.44,
      7.204
    ],
    [
      696660,
      80.24,
      7.35461
    ],
    [
      737640,
      85.05,
      7.25109
    ],
    [
      778620,
      90.04,
      7.62569
    ],
    [
      819600,
      94.87,
      6.76344
    ],
    [
      860580,
      99.7,
      7.07295
    ],
    [
      901560,
      104.55,
      6.79856
    ],
    [
      942540,
      109.39,
      5.87393
    ],
    [
      983520,
      114.24,
      6.07218
    ],
    [
      1024500,
      119.1,
      8.14982
    ],
    [
      1065480,
      123.97,
      6.78213
    ],
    [
      1106460,
      128.84,
      7.05012
    ],
    [
      1147440,
      133.71,
      6.88357
    ],
    [
      1188420,
      138.59,
      6.52038
    ],
    [
      1229400,
      143.47,
      6.56244
    ],
    [
      1270380,
      148.35,
      6.67788
    ],
    [
      1311360,
      153.23,
      6.5958
    ],
    [
      1352340,
      158.13,
      6.00798
    ],
    [
      1393320,
      163.03,
      6.68463
    ],
    [
      1434300,
      167.91,
      6.76352
    ],
    [
      1475280,
      172.8,
      7.33534
    ],
    [
      1516260,
      177.7,
      7.11034
    ],
    [
      1557240,
      182.59,
      6.72137
    ],
    [
      1598220,
      187.49,
      6.14654
    ],
    [
      1639200,
      192.39,
      6.4253
    ],
    [
      1680180,
      197.27,
      7.55686
    ],
    [
      1721160,
      202.16,
      6.35778
    ],
    [
      1762140,
      207.06,
      5.60441
    ],
    [
      1803120,
      211.95,
      6.37409
    ],
    [
      1844100,
      216.84,
      6.62884
    ],
    [
      1885080,
      221.89,
      6.66086
    ],
    [
      1926060,
      226.78,
      5.97385
    ],
    [
      1967040,
      231.67,
      6.74862
    ],
    [
      2008020,
      236.56,
      6.37546
    ],
    [
      2049000,
      241.46,
      4.82372
    ],
    [
      2089980,
      246.36,
      6.43405
    ],
    [
      2130960,
      251.25,
      5.90986
    ],
    [
      2171940,
      256.14,
      6.33666
    ],
    [
      2212920,
      261.04,
      5.34391
    ],
    [
      2253900,
      265.94,
      6.07532
    ],
    [
      2294880,
      270.83,
      6.56806
    ],
    [
      2335860,
      275.72,
      6.76023
    ],
    [
      2376840,
      280.62,
      5.79263
    ],
    [
      2417820,
      285.52,
      5.79457
    ],
    [
      2458800,
      290.41,
      6.67412
    ],
    [
      2499780,
      295.3,
      6.49214
    ],
    [
      2540760,
      300.2,
      6.11543
    ],
    [
      2581740,
      305.09,
      6.24656
    ],
    [
      2622720,
      309.98,
      5.36725
    ],
    [
      2663700,
      314.87,
      6.32873
    ],
    [
      2704680,
      319.76,
      5.70488
    ],
    [
      2745660,
      324.66,
      5.83294
    ],
    [
      2786640,
      329.55,
      6.18663
    ],
    [
      2827620,
      334.44,
      6.23531
    ],
    [
      2868600,
      339.33,
      5.59408
    ],
    [
      2909580,
      344.22,
      6.27523
    ],
    [
      2950560,
      349.11,
      6.19909
    ],
    [
      2991540,
      354.11,
      6.30084
    ],
    [
      3032520,
      359.01,
      5.98246
    ],
    [
      3073500,
      363.9,
      6.04008
    ],
    [
      3114480,
      368.79,
      6.05709
    ],
    [
      3155460,
      373.69,
      5.32425
    ],
    [
      3196440,
      378.58,
      6.08525
    ],
    [
      3237420,
      383.48,
      6.54534
    ],
    [
      3278400,
      388.38,
      5.76809
    ],
    [
      3319380,
      393.27,
      6.03469
    ],
    [
      3360360,
      398.18,
      6.93519
    ],
    [
      3401340,
      403.07,
      5.97947
    ],
    [
      3442320,
      407.97,
      6.19446
    ],
    [
      3483300,
      412.87,
      6.11968
    ],
    [
      3524280,
      417.77,
      5.74739
    ],
    [
      3565260,
      422.67,
      5.81456
    ],
    [
      3606240,
      427.57,
      6.54446
    ],
    [
      3647220,
      432.46,
      6.23416
    ],
    [
      3688200,
      437.36,
      6.30793
    ],
    [
      3729180,
      442.27,
      6.2411
    ],
    [
      3770160,
      447.17,
      6.08877
    ],
    [
      3811140,
      452.06,
      5.93126
    ],
    [
      3852120,
      456.95,
      6.49755
    ],
    [
      3893100,
      461.84,
      5.94782
    ],
    [
      3934080,
      466.74,
      6.3694
    ],
    [
      3975060,
      471.63,
      6.2315
    ],
    [
      4016040,
      476.53,
      6.68645
    ],
    [
      4057020,
      481.43,
      6.43294
    ],
    [
      4098000,
      486.46,
      6.28948
    ],
    [
      4138980,
      491.36,
      4.90915
    ],
    [
      4179960,
      496.26,
      5.98533
    ],
    [
      4220940,
      501.16,
      6.25121
    ],
    [
      4261920,
      506.06,
      6.07678
    ],
    [
      4302900,
      510.96,
      5.29777
    ],
    [
      4343880,
      515.86,
      5.76075
    ],
    [
      4384860,
      520.76,
      4.92475
    ],
    [
      4425840,
      525.66,
      4.57566
    ],
    [
      4466820,
      530.56,
      6.1659
    ],
    [
      4507800,
      535.47,
      4.98198
    ],
    [
      4548780,
      540.39,
      6.7418
    ],
    [
      4589760,
      545.28,
      5.72561
    ],
    [
      4630740,
      550.2,
      5.95137
    ],
    [
      4671720,
      555.14,
      5.8461
    ],
    [
      4712700,
      560.07,
      5.68657
    ],
    [
      4753680,
      565.0,
      5.80917
    ],
    [
      4794660,
      569.93,
      5.36945
    ],
    [
      4835640,
      574.86,
      5.80319
    ],
    [
      4876620,
      579.78,
