{
  "cfg": {
    "dim": 2240,
    "head_type_logits": [
      -0.6931471805599453,
      -30.0,
      -30.0,
      -30.0,
      -30.0,
      -0.6931471805599453,
      -30.0,
      -30.0
    ],
    "lr": 0.001,
    "knob_lr_mult": 1.0,
    "batch_size": 2,
    "bf16": true,
    "lam_max": 1.585,
    "beta_max": 2.747,
    "shell_state_nonlin": "tanh",
    "shell_state_chunk": 128,
    "shell_fused": true
  },
  "model_params": 1258891264,
  "params_b": 1.2589,
  "counts": {
    "gdn2_recall": 32,
    "e97_track": 0,
    "count": 0,
    "latch": 0,
    "nonlin": 0,
    "gdn2_nonlin_shell": 32,
    "e97_raw": 0,
    "e97_delta": 0
  },
  "seed": 0,
  "dtype": "bf16",
  "steps": 1221,
  "batch_size": 2,
  "tokens": 5003658,
  "compile_seconds": 11.21,
  "wall_minutes": 9.761,
  "wall_seconds_budget": 720.0,
  "token_cap": 5000000,
  "avg_loss": 6.42358,
  "final_loss": 5.74474,
  "stop_reason": "token_cap",
  "nan_seen": false,
  "nonfinite_grad": false,
  "sustained_tok_s": 8632.5,
  "peak_mem_mb": 25099.4,
  "heldout": {
    "heldout_nats_per_token": 5.60702,
    "tokens_per_byte": 0.25942,
    "heldout_bpb": 2.09853,
    "n_batches": 40,
    "slice": {
      "path": "/home/erikg/ndm/.wg-worktrees/agent-732/scripts/.pile_heldout_slice.txt",
      "bytes": 9999511,
      "sha256": "3e4241a946e76c31220d21ec45db3cec193d94227681357e72ca477ad77fe25a",
      "sha256_ok": true
    }
  },
  "curve": [
    [
      40980,
      5.0,
      9.31656
    ],
    [
      81960,
      9.43,
      8.52943
    ],
    [
      122940,
      13.9,
      8.88009
    ],
    [
      163920,
      18.41,
      8.17535
    ],
    [
      204900,
      22.91,
      8.08864
    ],
    [
      245880,
      27.44,
      8.27818
    ],
    [
      286860,
      31.97,
      7.8437
    ],
    [
      327840,
      36.55,
      7.49917
    ],
    [
      368820,
      41.15,
      7.32415
    ],
    [
      409800,
      45.75,
      7.18994
    ],
    [
      450780,
      50.37,
      6.94903
    ],
    [
      491760,
      55.03,
      7.69296
    ],
    [
      532740,
      59.69,
      7.16316
    ],
    [
      573720,
      64.37,
      7.42431
    ],
    [
      614700,
      69.05,
      7.25019
    ],
    [
      655680,
      73.75,
      7.21253
    ],
    [
      696660,
      78.47,
      7.43803
    ],
    [
      737640,
      83.21,
      7.24449
    ],
    [
      778620,
      88.36,
      7.55111
    ],
    [
      819600,
      93.12,
      6.83728
    ],
    [
      860580,
      97.87,
      7.00969
    ],
    [
      901560,
      102.63,
      6.81961
    ],
    [
      942540,
      107.43,
      5.95559
    ],
    [
      983520,
      112.23,
      6.24712
    ],
    [
      1024500,
      117.02,
      8.10512
    ],
    [
      1065480,
      121.82,
      6.81675
    ],
    [
      1106460,
      126.62,
      7.04806
    ],
    [
      1147440,
      131.42,
      6.82022
    ],
    [
      1188420,
      136.22,
      6.5533
    ],
    [
      1229400,
      141.02,
      6.53889
    ],
    [
      1270380,
      145.81,
      6.68875
    ],
    [
      1311360,
      150.61,
      6.62737
    ],
    [
      1352340,
      155.41,
      6.00561
    ],
    [
      1393320,
      160.21,
      6.70196
    ],
    [
      1434300,
      165.01,
      6.78635
    ],
    [
      1475280,
      169.81,
      7.50882
    ],
    [
      1516260,
      174.61,
      7.17904
    ],
    [
      1557240,
      179.4,
      6.73876
    ],
    [
      1598220,
      184.2,
      6.19487
    ],
    [
      1639200,
      189.0,
      6.35375
    ],
    [
      1680180,
      193.8,
      7.56355
    ],
    [
      1721160,
      198.6,
      6.36794
    ],
    [
      1762140,
      203.4,
      5.65774
    ],
    [
      1803120,
      208.2,
      6.36343
    ],
    [
      1844100,
      213.0,
      6.79582
    ],
    [
      1885080,
      218.25,
      6.63996
    ],
    [
      1926060,
      223.05,
      6.00772
    ],
    [
      1967040,
      227.85,
      6.78901
    ],
    [
      2008020,
      232.65,
      6.48661
    ],
    [
      2049000,
      237.45,
      4.81704
    ],
    [
      2089980,
      242.25,
      6.44467
    ],
    [
      2130960,
      247.05,
      5.88362
    ],
    [
      2171940,
      251.85,
      6.35636
    ],
    [
      2212920,
      256.64,
      5.34235
    ],
    [
      2253900,
      261.43,
      6.1188
    ],
    [
      2294880,
      266.24,
      6.60667
    ],
    [
      2335860,
      271.04,
      6.77894
    ],
    [
      2376840,
      275.83,
      5.7931
    ],
    [
      2417820,
      280.63,
      5.80661
    ],
    [
      2458800,
      285.43,
      6.73344
    ],
    [
      2499780,
      290.23,
      6.53339
    ],
    [
      2540760,
      295.03,
      6.12568
    ],
    [
      2581740,
      299.83,
      6.26476
    ],
    [
      2622720,
      304.63,
      5.35893
    ],
    [
      2663700,
      309.43,
      6.31974
    ],
    [
      2704680,
      314.22,
      5.79408
    ],
    [
      2745660,
      319.02,
      5.83162
    ],
    [
      2786640,
      323.82,
      6.20451
    ],
    [
      2827620,
      328.62,
      6.25265
    ],
    [
      2868600,
      333.42,
      5.58758
    ],
    [
      2909580,
      338.22,
      6.27533
    ],
    [
      2950560,
      343.01,
      6.20036
    ],
    [
      2991540,
      348.24,
      6.33212
    ],
    [
      3032520,
      353.03,
      5.96831
    ],
    [
      3073500,
      357.83,
      6.02321
    ],
    [
      3114480,
      362.63,
      6.06363
    ],
    [
      3155460,
      367.43,
      5.35403
    ],
    [
      3196440,
      372.23,
      6.1045
    ],
    [
      3237420,
      377.02,
      6.67856
    ],
    [
      3278400,
      381.83,
      5.79265
    ],
    [
      3319380,
      386.64,
      6.04479
    ],
    [
      3360360,
      391.45,
      7.013
    ],
    [
      3401340,
      396.26,
      5.99176
    ],
    [
      3442320,
      401.06,
      6.22348
    ],
    [
      3483300,
      405.86,
      6.14353
    ],
    [
      3524280,
      410.68,
      5.81406
    ],
    [
      3565260,
      415.5,
      5.8031
    ],
    [
      3606240,
      420.32,
      6.55768
    ],
    [
      3647220,
      425.12,
      6.25598
    ],
    [
      3688200,
      429.94,
      6.34956
    ],
    [
      3729180,
      434.77,
      6.26437
    ],
    [
      3770160,
      439.61,
      6.09331
    ],
    [
      3811140,
      444.44,
      5.97677
    ],
    [
      3852120,
      449.27,
      6.49347
    ],
    [
      3893100,
      454.1,
      5.97361
    ],
    [
      3934080,
      458.94,
      6.3745
    ],
    [
      3975060,
      463.77,
      6.245
    ],
    [
      4016040,
      468.6,
      6.71995
    ],
    [
      4057020,
      473.44,
      6.39437
    ],
    [
      4098000,
      478.75,
      6.3319
    ],
    [
      4138980,
      483.57,
      4.93336
    ],
    [
      4179960,
      488.37,
      6.01228
    ],
    [
      4220940,
      493.19,
      6.25953
    ],
    [
      4261920,
      498.0,
      6.14834
    ],
    [
      4302900,
      502.81,
      5.31545
    ],
    [
      4343880,
      507.62,
      5.79282
    ],
    [
      4384860,
      512.43,
      4.9497
    ],
    [
      4425840,
      517.24,
      4.57586
    ],
    [
      4466820,
      522.06,
      6.17881
    ],
    [
      4507800,
      526.88,
      5.02583
    ],
    [
      4548780,
      531.72,
      6.78226
    ],
    [
      4589760,
      536.56,
      5.73562
    ],
    [
      4630740,
      541.4,
      6.02129
    ],
    [
      4671720,
      546.26,
      5.8711
    ],
    [
      4712700,
      551.12,
      5.66596
    ],
    [
      4753680,
      555.97,
      5.81161
    ],
    [
      4794660,
      560.83,
      5.41134
    ],
    [
      4835640,
      565.7,
      5.83669
    ],
    [
      4876620,
      570.57,
      5.57304
