{
  "cfg": {
    "dim": 2240,
    "head_type_logits": [
      0.0,
      -30.0,
      -30.0,
      -30.0,
      -30.0,
      -30.0,
      -30.0,
      -30.0
    ],
    "lr": 0.001,
    "knob_lr_mult": 1.0,
    "batch_size": 2,
    "bf16": true,
    "lam_max": 1.585,
    "beta_max": 2.747,
    "shell_state_nonlin": "identity",
    "shell_state_chunk": 64,
    "shell_fused": true
  },
  "model_params": 1258890688,
  "params_b": 1.2589,
  "counts": {
    "gdn2_recall": 64,
    "e97_track": 0,
    "count": 0,
    "latch": 0,
    "nonlin": 0,
    "gdn2_nonlin_shell": 0,
    "e97_raw": 0,
    "e97_delta": 0
  },
  "seed": 1,
  "dtype": "bf16",
  "steps": 2162,
  "batch_size": 2,
  "tokens": 8859876,
  "compile_seconds": 9.47,
  "wall_minutes": 14.956,
  "wall_seconds_budget": 1100.0,
  "token_cap": 8859876,
  "avg_loss": 6.02272,
  "final_loss": 5.39072,
  "stop_reason": "token_cap",
  "nan_seen": false,
  "nonfinite_grad": false,
  "sustained_tok_s": 9948.8,
  "peak_mem_mb": 20644.9,
  "heldout": {
    "heldout_nats_per_token": 5.30007,
    "tokens_per_byte": 0.25942,
    "heldout_bpb": 1.98365,
    "n_batches": 40,
    "slice": {
      "path": "/home/erikg/ndm/.wg-worktrees/agent-732/scripts/.pile_heldout_slice.txt",
      "bytes": 9999511,
      "sha256": "3e4241a946e76c31220d21ec45db3cec193d94227681357e72ca477ad77fe25a",
      "sha256_ok": true
    }
  },
  "curve": [
    [
      40980,
      3.98,
      8.65131
    ],
    [
      81960,
      8.01,
      7.92042
    ],
    [
      122940,
      12.01,
      8.12483
    ],
    [
      163920,
      16.06,
      8.19362
    ],
    [
      204900,
      20.13,
      7.70241
    ],
    [
      245880,
      24.2,
      7.76316
    ],
    [
      286860,
      28.3,
      7.99621
    ],
    [
      327840,
      32.4,
      7.59117
    ],
    [
      368820,
      36.5,
      7.6454
    ],
    [
      409800,
      40.61,
      6.51274
    ],
    [
      450780,
      44.73,
      7.98715
    ],
    [
      491760,
      48.85,
      8.09243
    ],
    [
      532740,
      52.98,
      7.31578
    ],
    [
      573720,
      57.11,
      7.20907
    ],
    [
      614700,
      61.24,
      6.92136
    ],
    [
      655680,
      65.38,
      7.37223
    ],
    [
      696660,
      69.52,
      6.8264
    ],
    [
      737640,
      73.65,
      6.22749
    ],
    [
      778620,
      77.79,
      6.20468
    ],
    [
      819600,
      81.94,
      7.36498
    ],
    [
      860580,
      86.08,
      7.0304
    ],
    [
      901560,
      90.23,
      7.34932
    ],
    [
      942540,
      94.38,
      6.784
    ],
    [
      983520,
      98.52,
      6.87187
    ],
    [
      1024500,
      102.67,
      7.23452
    ],
    [
      1065480,
      106.81,
      6.80908
    ],
    [
      1106460,
      110.97,
      7.06298
    ],
    [
      1147440,
      115.13,
      6.76538
    ],
    [
      1188420,
      119.28,
      6.68579
    ],
    [
      1229400,
      123.42,
      6.77248
    ],
    [
      1270380,
      127.57,
      6.3469
    ],
    [
      1311360,
      131.72,
      6.59928
    ],
    [
      1352340,
      135.87,
      5.78265
    ],
    [
      1393320,
      140.03,
      7.91396
    ],
    [
      1434300,
      144.19,
      6.53881
    ],
    [
      1475280,
      148.35,
      6.9796
    ],
    [
      1516260,
      152.5,
      6.07597
    ],
    [
      1557240,
      156.65,
      7.24508
    ],
    [
      1598220,
      160.81,
      6.20456
    ],
    [
      1639200,
      164.96,
      6.25436
    ],
    [
      1680180,
      169.12,
      6.13672
    ],
    [
      1721160,
      173.27,
      7.2267
    ],
    [
      1762140,
      177.42,
      6.3292
    ],
    [
      1803120,
      181.76,
      6.73891
    ],
    [
      1844100,
      185.92,
      5.78207
    ],
    [
      1885080,
      190.06,
      6.92688
    ],
    [
      1926060,
      194.22,
      6.64727
    ],
    [
      1967040,
      198.37,
      5.94643
    ],
    [
      2008020,
      202.52,
      6.6683
    ],
    [
      2049000,
      206.67,
      6.7213
    ],
    [
      2089980,
      210.83,
      6.12796
    ],
    [
      2130960,
      214.97,
      6.04253
    ],
    [
      2171940,
      219.13,
      5.75435
    ],
    [
      2212920,
      223.29,
      5.63769
    ],
    [
      2253900,
      227.44,
      6.59114
    ],
    [
      2294880,
      231.59,
      5.88794
    ],
    [
      2335860,
      235.75,
      5.74391
    ],
    [
      2376840,
      239.89,
      6.33657
    ],
    [
      2417820,
      244.05,
      5.84522
    ],
    [
      2458800,
      248.2,
      7.06019
    ],
    [
      2499780,
      252.36,
      5.92401
    ],
    [
      2540760,
      256.51,
      7.53183
    ],
    [
      2581740,
      260.67,
      6.30324
    ],
    [
      2622720,
      264.82,
      5.40969
    ],
    [
      2663700,
      268.94,
      7.03881
    ],
    [
      2704680,
      273.1,
      6.08396
    ],
    [
      2745660,
      277.26,
      6.12476
    ],
    [
      2786640,
      281.42,
      6.77429
    ],
    [
      2827620,
      285.58,
      6.13111
    ],
    [
      2868600,
      289.72,
      6.18785
    ],
    [
      2909580,
      293.88,
      5.13165
    ],
    [
      2950560,
      298.03,
      5.51398
    ],
    [
      2991540,
      302.19,
      5.70151
    ],
    [
      3032520,
      306.34,
      6.5579
    ],
    [
      3073500,
      310.51,
      6.21466
    ],
    [
      3114480,
      314.67,
      6.65089
    ],
    [
      3155460,
      318.83,
      5.67263
    ],
    [
      3196440,
      322.99,
      6.24332
    ],
    [
      3237420,
      327.15,
      6.02526
    ],
    [
      3278400,
      331.31,
      5.87402
    ],
    [
      3319380,
      335.47,
      6.02738
    ],
    [
      3360360,
      339.63,
      6.51549
    ],
    [
      3401340,
      343.79,
      5.74649
    ],
    [
      3442320,
      347.95,
      5.51416
    ],
    [
      3483300,
      352.1,
      5.35637
    ],
    [
      3524280,
      356.25,
      5.81416
    ],
    [
      3565260,
      360.4,
      5.80928
    ],
    [
      3606240,
      364.56,
      6.15056
    ],
    [
      3647220,
      368.71,
      5.7063
    ],
    [
      3688200,
      372.87,
      4.59138
    ],
    [
      3729180,
      377.03,
      5.8284
    ],
    [
      3770160,
      381.18,
      6.76481
    ],
    [
      3811140,
      385.35,
      5.99964
    ],
    [
      3852120,
      389.5,
      5.33325
    ],
    [
      3893100,
      393.66,
      6.4952
    ],
    [
      3934080,
      397.81,
      6.55072
    ],
    [
      3975060,
      401.97,
      5.3942
    ],
    [
      4016040,
      406.12,
      6.0191
    ],
    [
      4057020,
      410.27,
      5.99245
    ],
    [
      4098000,
      414.42,
      6.101
    ],
    [
      4138980,
      418.57,
      6.0854
    ],
    [
      4179960,
      422.89,
      5.44538
    ],
    [
      4220940,
      427.04,
      6.00011
    ],
    [
      4261920,
      431.2,
      5.83699
    ],
    [
      4302900,
      435.35,
      5.66922
    ],
    [
      4343880,
      439.5,
      5.55593
    ],
    [
      4384860,
      443.66,
      6.09916
    ],
    [
      4425840,
      447.81,
      5.9186
    ],
    [
      4466820,
      451.97,
      5.08364
    ],
    [
      4507800,
      456.13,
      6.29667
    ],
    [
      4548780,
      460.28,
      5.90304
    ],
    [
      4589760,
      464.43,
      5.43355
    ],
    [
      4630740,
      468.58,
      5.71936
    ],
    [
      4671720,
      472.73,
      4.52028
    ],
    [
      4712700,
      476.88,
      5.39598
    ],
    [
      4753680,
      481.03,
      6.23144
    ],
    [
      4794660,
      485.18,
      6.01693
    ],
    [
      4835640,
      489.33,
      5.66888
    ],
    [
      4876620,
      493.49,
      6.40945
    ],
    [
      4917600,
