{
  "cfg": {
    "dim": 2240,
    "head_type_logits": [
      -0.6931471805599453,
      -30.0,
      -30.0,
      -30.0,
      -30.0,
      -0.6931471805599453,
      -30.0,
      -30.0
    ],
    "lr": 0.001,
    "knob_lr_mult": 1.0,
    "batch_size": 2,
    "bf16": true,
    "lam_max": 1.585,
    "beta_max": 2.747,
    "shell_state_nonlin": "tanh",
    "shell_state_chunk": 256,
    "shell_fused": true
  },
  "model_params": 1258891264,
  "params_b": 1.2589,
  "counts": {
    "gdn2_recall": 32,
    "e97_track": 0,
    "count": 0,
    "latch": 0,
    "nonlin": 0,
    "gdn2_nonlin_shell": 32,
    "e97_raw": 0,
    "e97_delta": 0
  },
  "seed": 0,
  "dtype": "bf16",
  "steps": 1221,
  "batch_size": 2,
  "tokens": 5003658,
  "compile_seconds": 10.63,
  "wall_minutes": 9.502,
  "wall_seconds_budget": 720.0,
  "token_cap": 5000000,
  "avg_loss": 6.4117,
  "final_loss": 5.73107,
  "stop_reason": "token_cap",
  "nan_seen": false,
  "nonfinite_grad": false,
  "sustained_tok_s": 8848.1,
  "peak_mem_mb": 25095.6,
  "heldout": {
    "heldout_nats_per_token": 5.60347,
    "tokens_per_byte": 0.25942,
    "heldout_bpb": 2.09721,
    "n_batches": 40,
    "slice": {
      "path": "/home/erikg/ndm/.wg-worktrees/agent-732/scripts/.pile_heldout_slice.txt",
      "bytes": 9999511,
      "sha256": "3e4241a946e76c31220d21ec45db3cec193d94227681357e72ca477ad77fe25a",
      "sha256_ok": true
    }
  },
  "curve": [
    [
      40980,
      5.09,
      9.3211
    ],
    [
      81960,
      9.62,
      8.51033
    ],
    [
      122940,
      14.16,
      8.76774
    ],
    [
      163920,
      18.72,
      8.08883
    ],
    [
      204900,
      23.28,
      8.06045
    ],
    [
      245880,
      27.88,
      8.07754
    ],
    [
      286860,
      32.48,
      7.76778
    ],
    [
      327840,
      37.07,
      7.54894
    ],
    [
      368820,
      41.68,
      7.34716
    ],
    [
      409800,
      46.27,
      7.18474
    ],
    [
      450780,
      50.89,
      6.92724
    ],
    [
      491760,
      55.52,
      7.71659
    ],
    [
      532740,
      60.15,
      7.15189
    ],
    [
      573720,
      64.78,
      7.39765
    ],
    [
      614700,
      69.42,
      7.1798
    ],
    [
      655680,
      74.08,
      7.17276
    ],
    [
      696660,
      78.74,
      7.3827
    ],
    [
      737640,
      83.4,
      7.21576
    ],
    [
      778620,
      88.27,
      7.56211
    ],
    [
      819600,
      92.93,
      6.78587
    ],
    [
      860580,
      97.6,
      7.00147
    ],
    [
      901560,
      102.29,
      6.7968
    ],
    [
      942540,
      106.98,
      5.91399
    ],
    [
      983520,
      111.68,
      6.23172
    ],
    [
      1024500,
      116.36,
      8.046
    ],
    [
      1065480,
      121.06,
      6.79962
    ],
    [
      1106460,
      125.74,
      7.04813
    ],
    [
      1147440,
      130.43,
      6.85116
    ],
    [
      1188420,
      135.12,
      6.55482
    ],
    [
      1229400,
      139.8,
      6.63608
    ],
    [
      1270380,
      144.48,
      6.6845
    ],
    [
      1311360,
      149.15,
      6.60378
    ],
    [
      1352340,
      153.83,
      6.05464
    ],
    [
      1393320,
      158.51,
      6.69671
    ],
    [
      1434300,
      163.18,
      6.7689
    ],
    [
      1475280,
      167.85,
      7.27325
    ],
    [
      1516260,
      172.52,
      7.15314
    ],
    [
      1557240,
      177.19,
      6.73318
    ],
    [
      1598220,
      181.86,
      6.15585
    ],
    [
      1639200,
      186.53,
      6.35545
    ],
    [
      1680180,
      191.2,
      7.58996
    ],
    [
      1721160,
      195.86,
      6.36338
    ],
    [
      1762140,
      200.53,
      5.65571
    ],
    [
      1803120,
      205.19,
      6.39956
    ],
    [
      1844100,
      209.86,
      6.71832
    ],
    [
      1885080,
      214.69,
      6.66819
    ],
    [
      1926060,
      219.36,
      6.07417
    ],
    [
      1967040,
      224.02,
      6.78919
    ],
    [
      2008020,
      228.69,
      6.43527
    ],
    [
      2049000,
      233.36,
      4.82857
    ],
    [
      2089980,
      238.02,
      6.45484
    ],
    [
      2130960,
      242.69,
      5.91586
    ],
    [
      2171940,
      247.35,
      6.37229
    ],
    [
      2212920,
      252.02,
      5.33513
    ],
    [
      2253900,
      256.69,
      6.10421
    ],
    [
      2294880,
      261.35,
      6.60651
    ],
    [
      2335860,
      266.01,
      6.7508
    ],
    [
      2376840,
      270.68,
      5.81829
    ],
    [
      2417820,
      275.34,
      5.79496
    ],
    [
      2458800,
      280.01,
      6.72276
    ],
    [
      2499780,
      284.68,
      6.50384
    ],
    [
      2540760,
      289.34,
      6.15779
    ],
    [
      2581740,
      294.01,
      6.19788
    ],
    [
      2622720,
      298.68,
      5.36026
    ],
    [
      2663700,
      303.34,
      6.36042
    ],
    [
      2704680,
      308.01,
      5.71066
    ],
    [
      2745660,
      312.67,
      5.81356
    ],
    [
      2786640,
      317.34,
      6.17807
    ],
    [
      2827620,
      322.0,
      6.25042
    ],
    [
      2868600,
      326.68,
      5.58574
    ],
    [
      2909580,
      331.36,
      6.26481
    ],
    [
      2950560,
      336.03,
      6.18609
    ],
    [
      2991540,
      340.86,
      6.34395
    ],
    [
      3032520,
      345.52,
      5.97587
    ],
    [
      3073500,
      350.19,
      6.1728
    ],
    [
      3114480,
      354.85,
      6.07376
    ],
    [
      3155460,
      359.52,
      5.32726
    ],
    [
      3196440,
      364.18,
      6.09951
    ],
    [
      3237420,
      368.85,
      6.72921
    ],
    [
      3278400,
      373.51,
      5.73358
    ],
    [
      3319380,
      378.17,
      6.01077
    ],
    [
      3360360,
      382.84,
      7.04677
    ],
    [
      3401340,
      387.5,
      5.98509
    ],
    [
      3442320,
      392.16,
      6.18914
    ],
    [
      3483300,
      396.83,
      6.10544
    ],
    [
      3524280,
      401.49,
      5.79327
    ],
    [
      3565260,
      406.15,
      5.88041
    ],
    [
      3606240,
      410.82,
      6.54694
    ],
    [
      3647220,
      415.48,
      6.22458
    ],
    [
      3688200,
      420.15,
      6.33663
    ],
    [
      3729180,
      424.81,
      6.24592
    ],
    [
      3770160,
      429.48,
      6.09111
    ],
    [
      3811140,
      434.15,
      5.97525
    ],
    [
      3852120,
      438.81,
      6.49927
    ],
    [
      3893100,
      443.48,
      5.92125
    ],
    [
      3934080,
      448.14,
      6.37871
    ],
    [
      3975060,
      452.81,
      6.24078
    ],
    [
      4016040,
      457.48,
      6.64511
    ],
    [
      4057020,
      462.14,
      6.39924
    ],
    [
      4098000,
      466.97,
      6.33185
    ],
    [
      4138980,
      471.63,
      4.8867
    ],
    [
      4179960,
      476.3,
      6.02541
    ],
    [
      4220940,
      480.97,
      6.29484
    ],
    [
      4261920,
      485.63,
      6.11557
    ],
    [
      4302900,
      490.3,
      5.31146
    ],
    [
      4343880,
      494.96,
      5.83692
    ],
    [
      4384860,
      499.63,
      4.93735
    ],
    [
      4425840,
      504.3,
      4.58327
    ],
    [
      4466820,
      508.97,
      6.16702
    ],
    [
      4507800,
      513.64,
      4.9788
    ],
    [
      4548780,
      518.31,
      6.76207
    ],
    [
      4589760,
      522.98,
      5.73456
    ],
    [
      4630740,
      527.65,
      6.00117
    ],
    [
      4671720,
      532.33,
      5.89454
    ],
    [
      4712700,
      537.0,
      5.68299
    ],
    [
      4753680,
      541.67,
      5.79145
    ],
    [
      4794660,
      546.34,
      5.39693
    ],
    [
      4835640,
      551.01,
      5.83288
    ],
    [
      4876620,
      555.67,
