{
  "cfg": {
    "dim": 2240,
    "head_type_logits": [
      -0.6931471805599453,
      -30.0,
      -30.0,
      -30.0,
      -30.0,
      -0.6931471805599453,
      -30.0,
      -30.0
    ],
    "lr": 0.001,
    "knob_lr_mult": 1.0,
    "batch_size": 2,
    "bf16": true,
    "lam_max": 1.585,
    "beta_max": 2.747,
    "shell_state_nonlin": "tanh",
    "shell_state_chunk": 512,
    "shell_fused": false
  },
  "model_params": 1258891264,
  "params_b": 1.2589,
  "counts": {
    "gdn2_recall": 32,
    "e97_track": 0,
    "count": 0,
    "latch": 0,
    "nonlin": 0,
    "gdn2_nonlin_shell": 32,
    "e97_raw": 0,
    "e97_delta": 0
  },
  "seed": 0,
  "dtype": "bf16",
  "steps": 1597,
  "batch_size": 2,
  "tokens": 6544506,
  "compile_seconds": 9.89,
  "wall_minutes": 12.0,
  "wall_seconds_budget": 720.0,
  "token_cap": null,
  "avg_loss": 6.24291,
  "final_loss": 5.57907,
  "stop_reason": "wall_cap",
  "nan_seen": false,
  "nonfinite_grad": false,
  "sustained_tok_s": 9166.9,
  "peak_mem_mb": 20701.4,
  "heldout": {
    "heldout_nats_per_token": 5.45253,
    "tokens_per_byte": 0.25942,
    "heldout_bpb": 2.04071,
    "n_batches": 40,
    "slice": {
      "path": "/home/erikg/ndm/.wg-worktrees/agent-732/scripts/.pile_heldout_slice.txt",
      "bytes": 9999511,
      "sha256": "3e4241a946e76c31220d21ec45db3cec193d94227681357e72ca477ad77fe25a",
      "sha256_ok": true
    }
  },
  "curve": [
    [
      40980,
      4.42,
      9.17338
    ],
    [
      81960,
      8.78,
      8.48493
    ],
    [
      122940,
      13.18,
      8.80159
    ],
    [
      163920,
      17.58,
      8.10455
    ],
    [
      204900,
      22.02,
      8.17347
    ],
    [
      245880,
      26.44,
      8.26956
    ],
    [
      286860,
      30.87,
      7.86125
    ],
    [
      327840,
      35.3,
      7.5967
    ],
    [
      368820,
      39.75,
      7.29547
    ],
    [
      409800,
      44.21,
      7.23342
    ],
    [
      450780,
      48.9,
      6.96769
    ],
    [
      491760,
      53.37,
      7.7143
    ],
    [
      532740,
      57.85,
      7.15719
    ],
    [
      573720,
      62.32,
      7.38326
    ],
    [
      614700,
      66.82,
      7.24847
    ],
    [
      655680,
      71.26,
      7.22742
    ],
    [
      696660,
      75.74,
      7.39176
    ],
    [
      737640,
      80.19,
      7.23736
    ],
    [
      778620,
      84.65,
      7.61558
    ],
    [
      819600,
      89.11,
      6.77715
    ],
    [
      860580,
      93.56,
      7.07234
    ],
    [
      901560,
      98.04,
      6.81182
    ],
    [
      942540,
      102.51,
      5.87515
    ],
    [
      983520,
      106.98,
      6.08591
    ],
    [
      1024500,
      111.44,
      8.21321
    ],
    [
      1065480,
      116.13,
      6.86374
    ],
    [
      1106460,
      120.59,
      7.07143
    ],
    [
      1147440,
      125.08,
      6.88531
    ],
    [
      1188420,
      129.55,
      6.57838
    ],
    [
      1229400,
      134.03,
      6.59701
    ],
    [
      1270380,
      138.55,
      6.71823
    ],
    [
      1311360,
      143.04,
      6.59566
    ],
    [
      1352340,
      147.5,
      6.05925
    ],
    [
      1393320,
      151.97,
      6.70218
    ],
    [
      1434300,
      156.42,
      6.79931
    ],
    [
      1475280,
      160.94,
      7.4336
    ],
    [
      1516260,
      165.42,
      7.17114
    ],
    [
      1557240,
      169.9,
      6.74538
    ],
    [
      1598220,
      174.37,
      6.15802
    ],
    [
      1639200,
      178.89,
      6.38144
    ],
    [
      1680180,
      183.54,
      7.57023
    ],
    [
      1721160,
      188.05,
      6.39314
    ],
    [
      1762140,
      192.49,
      5.66043
    ],
    [
      1803120,
      196.97,
      6.3872
    ],
    [
      1844100,
      201.45,
      6.7015
    ],
    [
      1885080,
      205.94,
      6.66595
    ],
    [
      1926060,
      210.44,
      6.0154
    ],
    [
      1967040,
      214.94,
      6.78508
    ],
    [
      2008020,
      219.46,
      6.39912
    ],
    [
      2049000,
      223.96,
      4.80445
    ],
    [
      2089980,
      228.42,
      6.4583
    ],
    [
      2130960,
      232.91,
      5.92454
    ],
    [
      2171940,
      237.42,
      6.37881
    ],
    [
      2212920,
      241.91,
      5.37289
    ],
    [
      2253900,
      246.42,
      6.08712
    ],
    [
      2294880,
      251.14,
      6.5956
    ],
    [
      2335860,
      255.68,
      6.76762
    ],
    [
      2376840,
      260.17,
      5.84542
    ],
    [
      2417820,
      264.67,
      5.79052
    ],
    [
      2458800,
      269.17,
      6.74656
    ],
    [
      2499780,
      273.65,
      6.51776
    ],
    [
      2540760,
      278.14,
      6.11523
    ],
    [
      2581740,
      282.65,
      6.24563
    ],
    [
      2622720,
      287.12,
      5.36426
    ],
    [
      2663700,
      291.61,
      6.32637
    ],
    [
      2704680,
      296.11,
      5.7649
    ],
    [
      2745660,
      300.64,
      5.83208
    ],
    [
      2786640,
      305.12,
      6.21255
    ],
    [
      2827620,
      309.64,
      6.26293
    ],
    [
      2868600,
      314.15,
      5.59432
    ],
    [
      2909580,
      318.86,
      6.26556
    ],
    [
      2950560,
      323.33,
      6.16979
    ],
    [
      2991540,
      327.8,
      6.32393
    ],
    [
      3032520,
      332.31,
      5.97745
    ],
    [
      3073500,
      336.8,
      6.25301
    ],
    [
      3114480,
      341.29,
      6.0626
    ],
    [
      3155460,
      345.82,
      5.33897
    ],
    [
      3196440,
      350.33,
      6.12242
    ],
    [
      3237420,
      354.82,
      6.54351
    ],
    [
      3278400,
      359.32,
      5.7405
    ],
    [
      3319380,
      363.82,
      6.04821
    ],
    [
      3360360,
      368.3,
      7.01473
    ],
    [
      3401340,
      372.73,
      6.00851
    ],
    [
      3442320,
      377.21,
      6.24711
    ],
    [
      3483300,
      381.69,
      6.11961
    ],
    [
      3524280,
      386.31,
      5.79878
    ],
    [
      3565260,
      390.82,
      5.82116
    ],
    [
      3606240,
      395.37,
      6.57098
    ],
    [
      3647220,
      399.87,
      6.21847
    ],
    [
      3688200,
      404.36,
      6.31401
    ],
    [
      3729180,
      408.84,
      6.22747
    ],
    [
      3770160,
      413.33,
      6.13186
    ],
    [
      3811140,
      417.83,
      5.94542
    ],
    [
      3852120,
      422.33,
      6.49535
    ],
    [
      3893100,
      426.86,
      5.95142
    ],
    [
      3934080,
      431.34,
      6.38599
    ],
    [
      3975060,
      435.88,
      6.2316
    ],
    [
      4016040,
      440.37,
      6.63501
    ],
    [
      4057020,
      444.88,
      6.41331
    ],
    [
      4098000,
      449.42,
      6.33276
    ],
    [
      4138980,
      454.11,
      4.90865
    ],
    [
      4179960,
      458.7,
      6.01823
    ],
    [
      4220940,
      463.24,
      6.27529
    ],
    [
      4261920,
      467.77,
      6.04269
    ],
    [
      4302900,
      472.34,
      5.30582
    ],
    [
      4343880,
      476.87,
      5.78635
    ],
    [
      4384860,
      481.4,
      4.93023
    ],
    [
      4425840,
      485.96,
      4.62017
    ],
    [
      4466820,
      490.47,
      6.17671
    ],
    [
      4507800,
      494.97,
      5.07052
    ],
    [
      4548780,
      499.51,
      6.74035
    ],
    [
      4589760,
      504.02,
      5.74923
    ],
    [
      4630740,
      508.55,
      6.01417
    ],
    [
      4671720,
      513.09,
      5.83755
    ],
    [
      4712700,
      517.8,
      5.665
    ],
    [
      4753680,
      522.34,
      5.84479
    ],
    [
      4794660,
      526.85,
      5.38991
    ],
    [
      4835640,
      531.42,
      5.80753
    ],
    [
      4876620,
      535.92,
      5.58684
