{
  "cfg": {
    "dim": 2240,
    "head_type_logits": [
      0.0,
      -30.0,
      -30.0,
      -30.0,
      -30.0,
      -30.0,
      -30.0,
      -30.0
    ],
    "lr": 0.001,
    "knob_lr_mult": 1.0,
    "batch_size": 2,
    "bf16": true,
    "lam_max": 1.585,
    "beta_max": 2.747,
    "shell_state_nonlin": "identity",
    "shell_state_chunk": 64,
    "shell_fused": true
  },
  "model_params": 1258890688,
  "params_b": 1.2589,
  "counts": {
    "gdn2_recall": 64,
    "e97_track": 0,
    "count": 0,
    "latch": 0,
    "nonlin": 0,
    "gdn2_nonlin_shell": 0,
    "e97_raw": 0,
    "e97_delta": 0
  },
  "seed": 1,
  "dtype": "bf16",
  "steps": 2541,
  "batch_size": 2,
  "tokens": 10413018,
  "compile_seconds": 11.19,
  "wall_minutes": 18.335,
  "wall_seconds_budget": 1100.0,
  "token_cap": null,
  "avg_loss": 5.9062,
  "final_loss": 5.21092,
  "stop_reason": "wall_cap",
  "nan_seen": false,
  "nonfinite_grad": false,
  "sustained_tok_s": 9547.8,
  "peak_mem_mb": 20644.9,
  "heldout": {
    "heldout_nats_per_token": 5.23979,
    "tokens_per_byte": 0.25942,
    "heldout_bpb": 1.96109,
    "n_batches": 40,
    "slice": {
      "path": "/home/erikg/ndm/.wg-worktrees/agent-732/scripts/.pile_heldout_slice.txt",
      "bytes": 9999511,
      "sha256": "3e4241a946e76c31220d21ec45db3cec193d94227681357e72ca477ad77fe25a",
      "sha256_ok": true
    }
  },
  "curve": [
    [
      40980,
      4.17,
      8.70214
    ],
    [
      81960,
      8.13,
      7.93056
    ],
    [
      122940,
      12.1,
      7.94646
    ],
    [
      163920,
      16.11,
      8.11694
    ],
    [
      204900,
      20.13,
      7.5814
    ],
    [
      245880,
      24.17,
      7.90289
    ],
    [
      286860,
      28.22,
      8.02451
    ],
    [
      327840,
      32.27,
      7.5964
    ],
    [
      368820,
      36.37,
      7.74495
    ],
    [
      409800,
      40.47,
      6.42095
    ],
    [
      450780,
      44.61,
      8.06959
    ],
    [
      491760,
      48.72,
      7.95439
    ],
    [
      532740,
      52.9,
      7.38398
    ],
    [
      573720,
      57.09,
      7.10967
    ],
    [
      614700,
      61.28,
      6.93309
    ],
    [
      655680,
      65.49,
      7.32034
    ],
    [
      696660,
      69.72,
      6.82411
    ],
    [
      737640,
      73.95,
      6.21052
    ],
    [
      778620,
      78.19,
      6.14618
    ],
    [
      819600,
      82.45,
      7.28945
    ],
    [
      860580,
      86.66,
      6.95906
    ],
    [
      901560,
      90.92,
      7.34756
    ],
    [
      942540,
      95.19,
      6.90767
    ],
    [
      983520,
      99.46,
      6.8819
    ],
    [
      1024500,
      103.73,
      7.25644
    ],
    [
      1065480,
      108.01,
      6.80781
    ],
    [
      1106460,
      112.3,
      7.07884
    ],
    [
      1147440,
      116.6,
      6.76051
    ],
    [
      1188420,
      120.9,
      6.65908
    ],
    [
      1229400,
      125.2,
      6.79704
    ],
    [
      1270380,
      129.5,
      6.33708
    ],
    [
      1311360,
      133.82,
      6.56157
    ],
    [
      1352340,
      138.14,
      5.78031
    ],
    [
      1393320,
      142.46,
      7.64806
    ],
    [
      1434300,
      146.8,
      6.52146
    ],
    [
      1475280,
      151.12,
      6.98226
    ],
    [
      1516260,
      155.46,
      6.12868
    ],
    [
      1557240,
      159.79,
      7.15435
    ],
    [
      1598220,
      164.13,
      6.16675
    ],
    [
      1639200,
      168.48,
      6.25357
    ],
    [
      1680180,
      172.82,
      6.11797
    ],
    [
      1721160,
      177.15,
      7.13317
    ],
    [
      1762140,
      181.49,
      6.29952
    ],
    [
      1803120,
      186.08,
      6.71271
    ],
    [
      1844100,
      190.44,
      5.80202
    ],
    [
      1885080,
      194.78,
      6.92148
    ],
    [
      1926060,
      199.12,
      6.88483
    ],
    [
      1967040,
      203.46,
      5.97505
    ],
    [
      2008020,
      207.81,
      6.67611
    ],
    [
      2049000,
      212.15,
      6.74006
    ],
    [
      2089980,
      216.5,
      6.13564
    ],
    [
      2130960,
      220.86,
      6.03375
    ],
    [
      2171940,
      225.23,
      5.74419
    ],
    [
      2212920,
      229.59,
      5.62671
    ],
    [
      2253900,
      233.94,
      6.60129
    ],
    [
      2294880,
      238.3,
      5.8643
    ],
    [
      2335860,
      242.66,
      5.73672
    ],
    [
      2376840,
      247.0,
      6.35863
    ],
    [
      2417820,
      251.36,
      5.84627
    ],
    [
      2458800,
      255.72,
      7.02009
    ],
    [
      2499780,
      260.07,
      5.9659
    ],
    [
      2540760,
      264.44,
      7.39399
    ],
    [
      2581740,
      268.8,
      6.32318
    ],
    [
      2622720,
      273.17,
      5.41435
    ],
    [
      2663700,
      277.52,
      7.0182
    ],
    [
      2704680,
      281.87,
      6.05091
    ],
    [
      2745660,
      286.23,
      6.12858
    ],
    [
      2786640,
      290.59,
      6.76924
    ],
    [
      2827620,
      294.95,
      6.16115
    ],
    [
      2868600,
      299.31,
      6.18029
    ],
    [
      2909580,
      303.61,
      5.12854
    ],
    [
      2950560,
      307.95,
      5.49909
    ],
    [
      2991540,
      312.3,
      5.67239
    ],
    [
      3032520,
      316.63,
      6.46941
    ],
    [
      3073500,
      320.97,
      6.24328
    ],
    [
      3114480,
      325.3,
      6.58513
    ],
    [
      3155460,
      329.64,
      5.64777
    ],
    [
      3196440,
      333.99,
      6.24743
    ],
    [
      3237420,
      338.32,
      5.95761
    ],
    [
      3278400,
      342.64,
      5.90721
    ],
    [
      3319380,
      346.98,
      5.9827
    ],
    [
      3360360,
      351.29,
      6.50665
    ],
    [
      3401340,
      355.63,
      5.75542
    ],
    [
      3442320,
      359.99,
      5.50106
    ],
    [
      3483300,
      364.31,
      5.35033
    ],
    [
      3524280,
      368.65,
      5.80754
    ],
    [
      3565260,
      372.97,
      5.78737
    ],
    [
      3606240,
      377.33,
      6.16726
    ],
    [
      3647220,
      381.67,
      5.72512
    ],
    [
      3688200,
      386.02,
      4.56396
    ],
    [
      3729180,
      390.34,
      5.79932
    ],
    [
      3770160,
      394.7,
      6.79247
    ],
    [
      3811140,
      399.05,
      5.99685
    ],
    [
      3852120,
      403.39,
      5.37433
    ],
    [
      3893100,
      407.72,
      6.47797
    ],
    [
      3934080,
      412.05,
      6.57569
    ],
    [
      3975060,
      416.4,
      5.37083
    ],
    [
      4016040,
      420.76,
      5.99955
    ],
    [
      4057020,
      425.1,
      5.92579
    ],
    [
      4098000,
      429.47,
      6.09747
    ],
    [
      4138980,
      433.84,
      5.97661
    ],
    [
      4179960,
      438.38,
      5.42385
    ],
    [
      4220940,
      442.75,
      5.98791
    ],
    [
      4261920,
      447.12,
      5.84639
    ],
    [
      4302900,
      451.48,
      5.70121
    ],
    [
      4343880,
      455.85,
      5.54457
    ],
    [
      4384860,
      460.21,
      6.09927
    ],
    [
      4425840,
      464.56,
      5.8855
    ],
    [
      4466820,
      468.89,
      5.09167
    ],
    [
      4507800,
      473.23,
      6.32102
    ],
    [
      4548780,
      477.59,
      5.83669
    ],
    [
      4589760,
      481.95,
      5.43959
    ],
    [
      4630740,
      486.27,
      5.71276
    ],
    [
      4671720,
      490.61,
      4.49329
    ],
    [
      4712700,
      494.97,
      5.40224
    ],
    [
      4753680,
      499.33,
      6.22297
    ],
    [
      4794660,
      503.65,
      6.02233
    ],
    [
      4835640,
      507.97,
      5.67413
    ],
    [
      4876620,
      512.33,
      6.41771
    ],
    [
      4917600,
