{
  "cfg": {
    "dim": 2240,
    "head_type_logits": [
      -0.6931471805599453,
      -30.0,
      -30.0,
      -30.0,
      -30.0,
      -0.6931471805599453,
      -30.0,
      -30.0
    ],
    "lr": 0.001,
    "knob_lr_mult": 1.0,
    "batch_size": 2,
    "bf16": true,
    "lam_max": 1.585,
    "beta_max": 2.747,
    "shell_state_nonlin": "tanh",
    "shell_state_chunk": 1,
    "shell_fused": true
  },
  "model_params": 1258891264,
  "params_b": 1.2589,
  "counts": {
    "gdn2_recall": 32,
    "e97_track": 0,
    "count": 0,
    "latch": 0,
    "nonlin": 0,
    "gdn2_nonlin_shell": 32,
    "e97_raw": 0,
    "e97_delta": 0
  },
  "seed": 0,
  "dtype": "bf16",
  "steps": 2162,
  "batch_size": 2,
  "tokens": 8859876,
  "compile_seconds": 9.89,
  "wall_minutes": 18.338,
  "wall_seconds_budget": 1100.0,
  "token_cap": null,
  "avg_loss": 6.01927,
  "final_loss": 5.33036,
  "stop_reason": "wall_cap",
  "nan_seen": false,
  "nonfinite_grad": false,
  "sustained_tok_s": 8111.9,
  "peak_mem_mb": 25096.2,
  "heldout": {
    "heldout_nats_per_token": 5.30442,
    "tokens_per_byte": 0.25942,
    "heldout_bpb": 1.98528,
    "n_batches": 40,
    "slice": {
      "path": "/home/erikg/ndm/.wg-worktrees/agent-732/scripts/.pile_heldout_slice.txt",
      "bytes": 9999511,
      "sha256": "3e4241a946e76c31220d21ec45db3cec193d94227681357e72ca477ad77fe25a",
      "sha256_ok": true
    }
  },
  "curve": [
    [
      40980,
      5.11,
      9.26736
    ],
    [
      81960,
      9.91,
      8.40352
    ],
    [
      122940,
      14.71,
      8.77173
    ],
    [
      163920,
      19.55,
      8.05928
    ],
    [
      204900,
      24.42,
      8.03274
    ],
    [
      245880,
      29.31,
      8.07993
    ],
    [
      286860,
      34.21,
      7.75429
    ],
    [
      327840,
      39.13,
      7.47319
    ],
    [
      368820,
      44.1,
      7.25928
    ],
    [
      409800,
      49.09,
      7.14667
    ],
    [
      450780,
      54.09,
      6.7789
    ],
    [
      491760,
      59.09,
      7.65162
    ],
    [
      532740,
      64.09,
      7.11774
    ],
    [
      573720,
      69.09,
      7.37281
    ],
    [
      614700,
      74.11,
      7.20067
    ],
    [
      655680,
      79.13,
      7.18156
    ],
    [
      696660,
      84.18,
      7.33814
    ],
    [
      737640,
      89.23,
      7.25957
    ],
    [
      778620,
      94.28,
      7.50495
    ],
    [
      819600,
      99.53,
      6.69907
    ],
    [
      860580,
      104.58,
      6.96502
    ],
    [
      901560,
      109.63,
      6.79266
    ],
    [
      942540,
      114.69,
      5.89927
    ],
    [
      983520,
      119.76,
      6.08046
    ],
    [
      1024500,
      124.82,
      8.11062
    ],
    [
      1065480,
      129.88,
      6.80552
    ],
    [
      1106460,
      134.96,
      7.05365
    ],
    [
      1147440,
      140.04,
      6.87197
    ],
    [
      1188420,
      145.14,
      6.50853
    ],
    [
      1229400,
      150.24,
      6.57246
    ],
    [
      1270380,
      155.33,
      6.65844
    ],
    [
      1311360,
      160.41,
      6.58771
    ],
    [
      1352340,
      165.5,
      6.0369
    ],
    [
      1393320,
      170.6,
      6.69709
    ],
    [
      1434300,
      175.69,
      6.77502
    ],
    [
      1475280,
      180.78,
      7.31202
    ],
    [
      1516260,
      185.87,
      7.14615
    ],
    [
      1557240,
      190.97,
      6.71796
    ],
    [
      1598220,
      196.07,
      6.18919
    ],
    [
      1639200,
      201.17,
      6.38981
    ],
    [
      1680180,
      206.25,
      7.60002
    ],
    [
      1721160,
      211.35,
      6.39946
    ],
    [
      1762140,
      216.44,
      5.59965
    ],
    [
      1803120,
      221.55,
      6.43155
    ],
    [
      1844100,
      226.66,
      6.73414
    ],
    [
      1885080,
      231.75,
      6.63636
    ],
    [
      1926060,
      236.99,
      6.01221
    ],
    [
      1967040,
      242.09,
      6.7649
    ],
    [
      2008020,
      247.18,
      6.42645
    ],
    [
      2049000,
      252.28,
      4.7667
    ],
    [
      2089980,
      257.38,
      6.43354
    ],
    [
      2130960,
      262.49,
      5.9141
    ],
    [
      2171940,
      267.58,
      6.33046
    ],
    [
      2212920,
      272.68,
      5.36375
    ],
    [
      2253900,
      277.79,
      6.06667
    ],
    [
      2294880,
      282.88,
      6.60893
    ],
    [
      2335860,
      287.98,
      6.76796
    ],
    [
      2376840,
      293.09,
      5.79241
    ],
    [
      2417820,
      298.19,
      5.77752
    ],
    [
      2458800,
      303.29,
      6.73226
    ],
    [
      2499780,
      308.39,
      6.50502
    ],
    [
      2540760,
      313.5,
      6.09158
    ],
    [
      2581740,
      318.62,
      6.20486
    ],
    [
      2622720,
      323.72,
      5.34092
    ],
    [
      2663700,
      328.81,
      6.32205
    ],
    [
      2704680,
      333.91,
      5.72056
    ],
    [
      2745660,
      339.02,
      5.81773
    ],
    [
      2786640,
      344.11,
      6.19145
    ],
    [
      2827620,
      349.23,
      6.25464
    ],
    [
      2868600,
      354.35,
      5.56148
    ],
    [
      2909580,
      359.49,
      6.22966
    ],
    [
      2950560,
      364.63,
      6.16148
    ],
    [
      2991540,
      369.76,
      6.33309
    ],
    [
      3032520,
      375.09,
      5.91764
    ],
    [
      3073500,
      380.2,
      5.97851
    ],
    [
      3114480,
      385.33,
      6.05901
    ],
    [
      3155460,
      390.45,
      5.32875
    ],
    [
      3196440,
      395.56,
      6.10742
    ],
    [
      3237420,
      400.67,
      6.48559
    ],
    [
      3278400,
      405.78,
      5.79239
    ],
    [
      3319380,
      410.89,
      5.98899
    ],
    [
      3360360,
      416.0,
      7.0454
    ],
    [
      3401340,
      421.12,
      6.00993
    ],
    [
      3442320,
      426.23,
      6.22123
    ],
    [
      3483300,
      431.34,
      6.11302
    ],
    [
      3524280,
      436.46,
      5.79529
    ],
    [
      3565260,
      441.56,
      5.82401
    ],
    [
      3606240,
      446.68,
      6.56069
    ],
    [
      3647220,
      451.8,
      6.23391
    ],
    [
      3688200,
      456.91,
      6.33385
    ],
    [
      3729180,
      462.01,
      6.2429
    ],
    [
      3770160,
      467.11,
      6.0786
    ],
    [
      3811140,
      472.25,
      5.97229
    ],
    [
      3852120,
      477.37,
      6.49008
    ],
    [
      3893100,
      482.49,
      5.92732
    ],
    [
      3934080,
      487.61,
      6.36787
    ],
    [
      3975060,
      492.71,
      6.23061
    ],
    [
      4016040,
      497.82,
      6.63235
    ],
    [
      4057020,
      502.93,
      6.39973
    ],
    [
      4098000,
      508.04,
      6.32259
    ],
    [
      4138980,
      513.32,
      4.90321
    ],
    [
      4179960,
      518.43,
      6.02049
    ],
    [
      4220940,
      523.55,
      6.27588
    ],
    [
      4261920,
      528.66,
      6.03868
    ],
    [
      4302900,
      533.78,
      5.27564
    ],
    [
      4343880,
      538.89,
      5.78017
    ],
    [
      4384860,
      543.99,
      4.9316
    ],
    [
      4425840,
      549.08,
      4.64049
    ],
    [
      4466820,
      554.18,
      6.15257
    ],
    [
      4507800,
      559.28,
      5.02723
    ],
    [
      4548780,
      564.38,
      6.75681
    ],
    [
      4589760,
      569.48,
      5.72837
    ],
    [
      4630740,
      574.58,
      6.01591
    ],
    [
      4671720,
      579.68,
      5.86295
    ],
    [
      4712700,
      584.78,
      5.68535
    ],
    [
      4753680,
      589.94,
      5.84095
    ],
    [
      4794660,
      595.05,
      5.36894
    ],
    [
      4835640,
      600.14,
      5.80252
    ],
    [
      4876620,
      605.23,
