{
  "cfg": {
    "dim": 2240,
    "head_type_logits": [
      0.0,
      -30.0,
      -30.0,
      -30.0,
      -30.0,
      -30.0,
      -30.0,
      -30.0
    ],
    "lr": 0.001,
    "knob_lr_mult": 1.0,
    "batch_size": 2,
    "bf16": true,
    "lam_max": 1.585,
    "beta_max": 2.747,
    "shell_state_nonlin": "identity",
    "shell_state_chunk": 64,
    "shell_fused": true
  },
  "model_params": 1258890688,
  "params_b": 1.2589,
  "counts": {
    "gdn2_recall": 64,
    "e97_track": 0,
    "count": 0,
    "latch": 0,
    "nonlin": 0,
    "gdn2_nonlin_shell": 0,
    "e97_raw": 0,
    "e97_delta": 0
  },
  "seed": 0,
  "dtype": "bf16",
  "steps": 2645,
  "batch_size": 2,
  "tokens": 10839210,
  "compile_seconds": 9.9,
  "wall_minutes": 18.338,
  "wall_seconds_budget": 1100.0,
  "token_cap": null,
  "avg_loss": 5.87306,
  "final_loss": 5.31605,
  "stop_reason": "wall_cap",
  "nan_seen": false,
  "nonfinite_grad": false,
  "sustained_tok_s": 9932.2,
  "peak_mem_mb": 20644.9,
  "heldout": {
    "heldout_nats_per_token": 5.18372,
    "tokens_per_byte": 0.25942,
    "heldout_bpb": 1.9401,
    "n_batches": 40,
    "slice": {
      "path": "/home/erikg/ndm/.wg-worktrees/agent-732/scripts/.pile_heldout_slice.txt",
      "bytes": 9999511,
      "sha256": "3e4241a946e76c31220d21ec45db3cec193d94227681357e72ca477ad77fe25a",
      "sha256_ok": true
    }
  },
  "curve": [
    [
      40980,
      3.96,
      9.17583
    ],
    [
      81960,
      7.96,
      8.44392
    ],
    [
      122940,
      11.96,
      8.64298
    ],
    [
      163920,
      15.97,
      8.05712
    ],
    [
      204900,
      20.51,
      7.95709
    ],
    [
      245880,
      24.56,
      8.15843
    ],
    [
      286860,
      28.63,
      7.77251
    ],
    [
      327840,
      32.71,
      7.45881
    ],
    [
      368820,
      36.81,
      7.20442
    ],
    [
      409800,
      40.92,
      7.12366
    ],
    [
      450780,
      45.03,
      6.71359
    ],
    [
      491760,
      49.14,
      7.61154
    ],
    [
      532740,
      53.27,
      7.08354
    ],
    [
      573720,
      57.4,
      7.34864
    ],
    [
      614700,
      61.54,
      7.13702
    ],
    [
      655680,
      65.68,
      7.14314
    ],
    [
      696660,
      69.83,
      7.32907
    ],
    [
      737640,
      73.98,
      7.23068
    ],
    [
      778620,
      78.14,
      7.50709
    ],
    [
      819600,
      82.29,
      6.6514
    ],
    [
      860580,
      86.47,
      6.93278
    ],
    [
      901560,
      90.64,
      6.76522
    ],
    [
      942540,
      94.81,
      5.76075
    ],
    [
      983520,
      98.98,
      5.99677
    ],
    [
      1024500,
      103.15,
      8.07798
    ],
    [
      1065480,
      107.32,
      6.75906
    ],
    [
      1106460,
      111.5,
      7.03228
    ],
    [
      1147440,
      115.67,
      6.79459
    ],
    [
      1188420,
      119.84,
      6.50912
    ],
    [
      1229400,
      124.01,
      6.52355
    ],
    [
      1270380,
      128.18,
      6.62685
    ],
    [
      1311360,
      132.35,
      6.54188
    ],
    [
      1352340,
      136.53,
      5.88241
    ],
    [
      1393320,
      140.71,
      6.65135
    ],
    [
      1434300,
      144.88,
      6.74119
    ],
    [
      1475280,
      149.05,
      7.24831
    ],
    [
      1516260,
      153.23,
      7.10781
    ],
    [
      1557240,
      157.41,
      6.67319
    ],
    [
      1598220,
      161.59,
      6.1263
    ],
    [
      1639200,
      165.77,
      6.37146
    ],
    [
      1680180,
      169.94,
      7.54268
    ],
    [
      1721160,
      174.1,
      6.31855
    ],
    [
      1762140,
      178.28,
      5.61945
    ],
    [
      1803120,
      182.65,
      6.37364
    ],
    [
      1844100,
      186.82,
      6.75235
    ],
    [
      1885080,
      190.99,
      6.63235
    ],
    [
      1926060,
      195.16,
      6.01219
    ],
    [
      1967040,
      199.32,
      6.71235
    ],
    [
      2008020,
      203.49,
      6.3582
    ],
    [
      2049000,
      207.66,
      4.787
    ],
    [
      2089980,
      211.83,
      6.417
    ],
    [
      2130960,
      216.01,
      5.86266
    ],
    [
      2171940,
      220.19,
      6.30241
    ],
    [
      2212920,
      224.36,
      5.293
    ],
    [
      2253900,
      228.54,
      6.02075
    ],
    [
      2294880,
      232.71,
      6.56509
    ],
    [
      2335860,
      236.91,
      6.72503
    ],
    [
      2376840,
      241.1,
      5.76473
    ],
    [
      2417820,
      245.28,
      5.74683
    ],
    [
      2458800,
      249.44,
      6.6651
    ],
    [
      2499780,
      253.6,
      6.52289
    ],
    [
      2540760,
      257.76,
      6.11701
    ],
    [
      2581740,
      261.93,
      6.21073
    ],
    [
      2622720,
      266.11,
      5.35466
    ],
    [
      2663700,
      270.28,
      6.27587
    ],
    [
      2704680,
      274.45,
      5.72866
    ],
    [
      2745660,
      278.62,
      5.79541
    ],
    [
      2786640,
      282.78,
      6.16671
    ],
    [
      2827620,
      286.94,
      6.21652
    ],
    [
      2868600,
      291.11,
      5.59556
    ],
    [
      2909580,
      295.29,
      6.22748
    ],
    [
      2950560,
      299.46,
      6.16518
    ],
    [
      2991540,
      303.63,
      6.31995
    ],
    [
      3032520,
      307.8,
      5.95681
    ],
    [
      3073500,
      311.98,
      6.30313
    ],
    [
      3114480,
      316.14,
      6.0575
    ],
    [
      3155460,
      320.32,
      5.30711
    ],
    [
      3196440,
      324.48,
      6.07712
    ],
    [
      3237420,
      328.64,
      6.73457
    ],
    [
      3278400,
      332.81,
      5.76055
    ],
    [
      3319380,
      336.97,
      6.02539
    ],
    [
      3360360,
      341.14,
      6.95238
    ],
    [
      3401340,
      345.31,
      5.99184
    ],
    [
      3442320,
      349.47,
      6.16604
    ],
    [
      3483300,
      353.65,
      6.08663
    ],
    [
      3524280,
      357.82,
      5.74013
    ],
    [
      3565260,
      361.99,
      5.79719
    ],
    [
      3606240,
      366.16,
      6.52371
    ],
    [
      3647220,
      370.33,
      6.19905
    ],
    [
      3688200,
      374.5,
      6.28201
    ],
    [
      3729180,
      378.66,
      6.2082
    ],
    [
      3770160,
      382.84,
      6.07167
    ],
    [
      3811140,
      387.01,
      5.96262
    ],
    [
      3852120,
      391.17,
      6.47934
    ],
    [
      3893100,
      395.34,
      5.92564
    ],
    [
      3934080,
      399.5,
      6.34135
    ],
    [
      3975060,
      403.67,
      6.2416
    ],
    [
      4016040,
      407.83,
      6.62844
    ],
    [
      4057020,
      412.0,
      6.3843
    ],
    [
      4098000,
      416.17,
      6.30663
    ],
    [
      4138980,
      420.35,
      4.8743
    ],
    [
      4179960,
      424.71,
      5.97974
    ],
    [
      4220940,
      428.87,
      6.24446
    ],
    [
      4261920,
      433.04,
      6.09722
    ],
    [
      4302900,
      437.2,
      5.27722
    ],
    [
      4343880,
      441.36,
      5.77166
    ],
    [
      4384860,
      445.52,
      4.95162
    ],
    [
      4425840,
      449.68,
      4.60577
    ],
    [
      4466820,
      453.85,
      6.15232
    ],
    [
      4507800,
      458.01,
      5.06112
    ],
    [
      4548780,
      462.17,
      6.8052
    ],
    [
      4589760,
      466.33,
      5.70465
    ],
    [
      4630740,
      470.52,
      6.03769
    ],
    [
      4671720,
      474.7,
      5.83462
    ],
    [
      4712700,
      478.87,
      5.77831
    ],
    [
      4753680,
      483.02,
      5.80653
    ],
    [
      4794660,
      487.18,
      5.36317
    ],
    [
      4835640,
      491.34,
      5.80405
    ],
    [
      4876620,
      495.49,
      5.53355
    ],
    [
      4917600,
