{
  "cfg": {
    "dim": 2240,
    "head_type_logits": [
      -0.6931471805599453,
      -30.0,
      -30.0,
      -30.0,
      -30.0,
      -0.6931471805599453,
      -30.0,
      -30.0
    ],
    "lr": 0.001,
    "knob_lr_mult": 1.0,
    "batch_size": 2,
    "bf16": true,
    "lam_max": 1.585,
    "beta_max": 2.747,
    "shell_state_nonlin": "tanh",
    "shell_state_chunk": 8,
    "shell_fused": true
  },
  "model_params": 1258891264,
  "params_b": 1.2589,
  "counts": {
    "gdn2_recall": 32,
    "e97_track": 0,
    "count": 0,
    "latch": 0,
    "nonlin": 0,
    "gdn2_nonlin_shell": 32,
    "e97_raw": 0,
    "e97_delta": 0
  },
  "seed": 0,
  "dtype": "bf16",
  "steps": 1221,
  "batch_size": 2,
  "tokens": 5003658,
  "compile_seconds": 9.51,
  "wall_minutes": 9.677,
  "wall_seconds_budget": 720.0,
  "token_cap": 5000000,
  "avg_loss": 6.41349,
  "final_loss": 5.73589,
  "stop_reason": "token_cap",
  "nan_seen": false,
  "nonfinite_grad": false,
  "sustained_tok_s": 8687.8,
  "peak_mem_mb": 25097.4,
  "heldout": {
    "heldout_nats_per_token": 5.61265,
    "tokens_per_byte": 0.25942,
    "heldout_bpb": 2.10064,
    "n_batches": 40,
    "slice": {
      "path": "/home/erikg/ndm/.wg-worktrees/agent-732/scripts/.pile_heldout_slice.txt",
      "bytes": 9999511,
      "sha256": "3e4241a946e76c31220d21ec45db3cec193d94227681357e72ca477ad77fe25a",
      "sha256_ok": true
    }
  },
  "curve": [
    [
      40980,
      4.99,
      9.34998
    ],
    [
      81960,
      9.46,
      8.47417
    ],
    [
      122940,
      13.99,
      8.82363
    ],
    [
      163920,
      18.54,
      8.15232
    ],
    [
      204900,
      23.1,
      8.08714
    ],
    [
      245880,
      27.67,
      8.0368
    ],
    [
      286860,
      32.26,
      7.84284
    ],
    [
      327840,
      36.86,
      7.52783
    ],
    [
      368820,
      41.5,
      7.40665
    ],
    [
      409800,
      46.16,
      7.17625
    ],
    [
      450780,
      50.84,
      6.85635
    ],
    [
      491760,
      55.53,
      7.73006
    ],
    [
      532740,
      60.23,
      7.14941
    ],
    [
      573720,
      64.97,
      7.39828
    ],
    [
      614700,
      69.69,
      7.24438
    ],
    [
      655680,
      74.41,
      7.17983
    ],
    [
      696660,
      79.15,
      7.37862
    ],
    [
      737640,
      83.89,
      7.23488
    ],
    [
      778620,
      88.82,
      7.5854
    ],
    [
      819600,
      93.57,
      6.74027
    ],
    [
      860580,
      98.32,
      7.0134
    ],
    [
      901560,
      103.08,
      6.78301
    ],
    [
      942540,
      107.84,
      5.96536
    ],
    [
      983520,
      112.6,
      6.26076
    ],
    [
      1024500,
      117.38,
      8.07552
    ],
    [
      1065480,
      122.14,
      6.79673
    ],
    [
      1106460,
      126.91,
      7.06679
    ],
    [
      1147440,
      131.69,
      6.83685
    ],
    [
      1188420,
      136.47,
      6.55265
    ],
    [
      1229400,
      141.27,
      6.54934
    ],
    [
      1270380,
      146.07,
      6.68289
    ],
    [
      1311360,
      150.83,
      6.61119
    ],
    [
      1352340,
      155.63,
      6.01304
    ],
    [
      1393320,
      160.42,
      6.67771
    ],
    [
      1434300,
      165.22,
      6.79752
    ],
    [
      1475280,
      170.02,
      7.31586
    ],
    [
      1516260,
      174.8,
      7.17685
    ],
    [
      1557240,
      179.6,
      6.75533
    ],
    [
      1598220,
      184.39,
      6.17713
    ],
    [
      1639200,
      189.17,
      6.40036
    ],
    [
      1680180,
      193.97,
      7.55761
    ],
    [
      1721160,
      198.75,
      6.36394
    ],
    [
      1762140,
      203.53,
      5.6653
    ],
    [
      1803120,
      208.31,
      6.36582
    ],
    [
      1844100,
      213.09,
      6.60288
    ],
    [
      1885080,
      218.07,
      6.62903
    ],
    [
      1926060,
      222.82,
      6.02678
    ],
    [
      1967040,
      227.58,
      6.75503
    ],
    [
      2008020,
      232.33,
      6.44265
    ],
    [
      2049000,
      237.09,
      4.80759
    ],
    [
      2089980,
      241.85,
      6.45284
    ],
    [
      2130960,
      246.62,
      5.92207
    ],
    [
      2171940,
      251.34,
      6.3574
    ],
    [
      2212920,
      256.1,
      5.34653
    ],
    [
      2253900,
      260.85,
      6.08215
    ],
    [
      2294880,
      265.61,
      6.59755
    ],
    [
      2335860,
      270.37,
      6.74869
    ],
    [
      2376840,
      275.13,
      5.8257
    ],
    [
      2417820,
      279.87,
      5.77984
    ],
    [
      2458800,
      284.62,
      6.70046
    ],
    [
      2499780,
      289.36,
      6.50147
    ],
    [
      2540760,
      294.12,
      6.14006
    ],
    [
      2581740,
      298.87,
      6.23866
    ],
    [
      2622720,
      303.63,
      5.38995
    ],
    [
      2663700,
      308.36,
      6.3331
    ],
    [
      2704680,
      313.12,
      5.67285
    ],
    [
      2745660,
      317.88,
      5.82598
    ],
    [
      2786640,
      322.64,
      6.19897
    ],
    [
      2827620,
      327.4,
      6.22888
    ],
    [
      2868600,
      332.15,
      5.59991
    ],
    [
      2909580,
      336.91,
      6.25672
    ],
    [
      2950560,
      341.67,
      6.16877
    ],
    [
      2991540,
      346.55,
      6.35934
    ],
    [
      3032520,
      351.3,
      5.9687
    ],
    [
      3073500,
      356.06,
      6.18336
    ],
    [
      3114480,
      360.82,
      6.06021
    ],
    [
      3155460,
      365.58,
      5.32694
    ],
    [
      3196440,
      370.33,
      6.11089
    ],
    [
      3237420,
      375.07,
      6.7342
    ],
    [
      3278400,
      379.82,
      5.75409
    ],
    [
      3319380,
      384.55,
      6.05697
    ],
    [
      3360360,
      389.31,
      6.9737
    ],
    [
      3401340,
      394.07,
      5.99191
    ],
    [
      3442320,
      398.83,
      6.23223
    ],
    [
      3483300,
      403.59,
      6.0988
    ],
    [
      3524280,
      408.35,
      5.79829
    ],
    [
      3565260,
      413.1,
      5.81188
    ],
    [
      3606240,
      417.86,
      6.57895
    ],
    [
      3647220,
      422.62,
      6.22216
    ],
    [
      3688200,
      427.38,
      6.31663
    ],
    [
      3729180,
      432.14,
      6.28169
    ],
    [
      3770160,
      436.9,
      6.1053
    ],
    [
      3811140,
      441.66,
      5.99195
    ],
    [
      3852120,
      446.39,
      6.49534
    ],
    [
      3893100,
      451.14,
      5.92253
    ],
    [
      3934080,
      455.9,
      6.39496
    ],
    [
      3975060,
      460.66,
      6.22685
    ],
    [
      4016040,
      465.42,
      6.64637
    ],
    [
      4057020,
      470.17,
      6.41085
    ],
    [
      4098000,
      475.11,
      6.31203
    ],
    [
      4138980,
      479.86,
      4.87786
    ],
    [
      4179960,
      484.61,
      6.00402
    ],
    [
      4220940,
      489.34,
      6.27411
    ],
    [
      4261920,
      494.09,
      6.13789
    ],
    [
      4302900,
      498.84,
      5.32101
    ],
    [
      4343880,
      503.59,
      5.80661
    ],
    [
      4384860,
      508.33,
      4.95871
    ],
    [
      4425840,
      513.07,
      4.62593
    ],
    [
      4466820,
      517.83,
      6.15751
    ],
    [
      4507800,
      522.59,
      5.03929
    ],
    [
      4548780,
      527.37,
      6.76665
    ],
    [
      4589760,
      532.15,
      5.77269
    ],
    [
      4630740,
      536.95,
      5.98249
    ],
    [
      4671720,
      541.75,
      5.8386
    ],
    [
      4712700,
      546.54,
      5.83928
    ],
    [
      4753680,
      551.34,
      5.78287
    ],
    [
      4794660,
      556.14,
      5.3883
    ],
    [
      4835640,
      560.94,
      5.81708
    ],
    [
      4876620,
      565.74,
      5.57847
