{
  "cfg": {
    "dim": 2240,
    "head_type_logits": [
      -0.6931471805599453,
      -30.0,
      -30.0,
      -30.0,
      -30.0,
      -0.6931471805599453,
      -30.0,
      -30.0
    ],
    "lr": 0.001,
    "knob_lr_mult": 1.0,
    "batch_size": 2,
    "bf16": true,
    "lam_max": 1.585,
    "beta_max": 2.747,
    "shell_state_nonlin": "tanh",
    "shell_state_chunk": 2048,
    "shell_fused": true
  },
  "model_params": 1258891264,
  "params_b": 1.2589,
  "counts": {
    "gdn2_recall": 32,
    "e97_track": 0,
    "count": 0,
    "latch": 0,
    "nonlin": 0,
    "gdn2_nonlin_shell": 32,
    "e97_raw": 0,
    "e97_delta": 0
  },
  "seed": 0,
  "dtype": "bf16",
  "steps": 1441,
  "batch_size": 2,
  "tokens": 5905218,
  "compile_seconds": 9.08,
  "wall_minutes": 12.005,
  "wall_seconds_budget": 720.0,
  "token_cap": null,
  "avg_loss": 6.31871,
  "final_loss": 5.70813,
  "stop_reason": "wall_cap",
  "nan_seen": false,
  "nonfinite_grad": false,
  "sustained_tok_s": 8256.7,
  "peak_mem_mb": 25098.2,
  "heldout": {
    "heldout_nats_per_token": 5.50455,
    "tokens_per_byte": 0.25942,
    "heldout_bpb": 2.06018,
    "n_batches": 40,
    "slice": {
      "path": "/home/erikg/ndm/.wg-worktrees/agent-732/scripts/.pile_heldout_slice.txt",
      "bytes": 9999511,
      "sha256": "3e4241a946e76c31220d21ec45db3cec193d94227681357e72ca477ad77fe25a",
      "sha256_ok": true
    }
  },
  "curve": [
    [
      40980,
      5.18,
      9.17072
    ],
    [
      81960,
      10.01,
      8.49553
    ],
    [
      122940,
      14.85,
      8.79643
    ],
    [
      163920,
      19.73,
      8.0423
    ],
    [
      204900,
      24.63,
      8.01879
    ],
    [
      245880,
      29.53,
      8.15132
    ],
    [
      286860,
      34.48,
      7.8094
    ],
    [
      327840,
      39.42,
      7.46938
    ],
    [
      368820,
      44.39,
      7.32226
    ],
    [
      409800,
      49.37,
      7.1911
    ],
    [
      450780,
      54.36,
      6.9019
    ],
    [
      491760,
      59.46,
      7.72461
    ],
    [
      532740,
      64.45,
      7.12913
    ],
    [
      573720,
      69.44,
      7.39233
    ],
    [
      614700,
      74.44,
      7.2375
    ],
    [
      655680,
      79.44,
      7.21344
    ],
    [
      696660,
      84.44,
      7.37611
    ],
    [
      737640,
      89.43,
      7.20382
    ],
    [
      778620,
      94.43,
      7.54974
    ],
    [
      819600,
      99.43,
      6.81426
    ],
    [
      860580,
      104.43,
      7.02933
    ],
    [
      901560,
      109.43,
      6.81605
    ],
    [
      942540,
      114.43,
      5.9408
    ],
    [
      983520,
      119.43,
      6.22045
    ],
    [
      1024500,
      124.43,
      8.11948
    ],
    [
      1065480,
      129.42,
      6.83028
    ],
    [
      1106460,
      134.42,
      7.0611
    ],
    [
      1147440,
      139.52,
      6.89647
    ],
    [
      1188420,
      144.52,
      6.52097
    ],
    [
      1229400,
      149.52,
      6.62633
    ],
    [
      1270380,
      154.52,
      6.67699
    ],
    [
      1311360,
      159.51,
      6.59547
    ],
    [
      1352340,
      164.51,
      6.02345
    ],
    [
      1393320,
      169.51,
      6.70311
    ],
    [
      1434300,
      174.51,
      6.80455
    ],
    [
      1475280,
      179.51,
      7.48373
    ],
    [
      1516260,
      184.51,
      7.19397
    ],
    [
      1557240,
      189.51,
      6.75925
    ],
    [
      1598220,
      194.5,
      6.19791
    ],
    [
      1639200,
      199.5,
      6.38556
    ],
    [
      1680180,
      204.5,
      7.54564
    ],
    [
      1721160,
      209.5,
      6.39211
    ],
    [
      1762140,
      214.5,
      5.71024
    ],
    [
      1803120,
      219.58,
      6.36407
    ],
    [
      1844100,
      224.58,
      6.76001
    ],
    [
      1885080,
      229.57,
      6.64333
    ],
    [
      1926060,
      234.57,
      5.94517
    ],
    [
      1967040,
      239.56,
      6.75513
    ],
    [
      2008020,
      244.57,
      6.46143
    ],
    [
      2049000,
      249.56,
      4.85717
    ],
    [
      2089980,
      254.56,
      6.46203
    ],
    [
      2130960,
      259.56,
      5.94639
    ],
    [
      2171940,
      264.56,
      6.37587
    ],
    [
      2212920,
      269.56,
      5.36992
    ],
    [
      2253900,
      274.56,
      6.10967
    ],
    [
      2294880,
      279.56,
      6.61635
    ],
    [
      2335860,
      284.56,
      6.77117
    ],
    [
      2376840,
      289.55,
      5.83615
    ],
    [
      2417820,
      294.55,
      5.80188
    ],
    [
      2458800,
      299.55,
      6.78021
    ],
    [
      2499780,
      304.61,
      6.4918
    ],
    [
      2540760,
      309.61,
      6.13901
    ],
    [
      2581740,
      314.6,
      6.2511
    ],
    [
      2622720,
      319.6,
      5.3929
    ],
    [
      2663700,
      324.6,
      6.35707
    ],
    [
      2704680,
      329.6,
      5.75724
    ],
    [
      2745660,
      334.6,
      5.86119
    ],
    [
      2786640,
      339.6,
      6.21144
    ],
    [
      2827620,
      344.6,
      6.27516
    ],
    [
      2868600,
      349.59,
      5.59441
    ],
    [
      2909580,
      354.59,
      6.29788
    ],
    [
      2950560,
      359.59,
      6.18125
    ],
    [
      2991540,
      364.59,
      6.35981
    ],
    [
      3032520,
      369.59,
      5.98679
    ],
    [
      3073500,
      374.59,
      5.90707
    ],
    [
      3114480,
      379.58,
      6.06938
    ],
    [
      3155460,
      384.64,
      5.34454
    ],
    [
      3196440,
      389.64,
      6.13307
    ],
    [
      3237420,
      394.64,
      6.80432
    ],
    [
      3278400,
      399.64,
      5.84054
    ],
    [
      3319380,
      404.64,
      6.05073
    ],
    [
      3360360,
      409.64,
      6.98394
    ],
    [
      3401340,
      414.64,
      6.03677
    ],
    [
      3442320,
      419.63,
      6.27313
    ],
    [
      3483300,
      424.63,
      6.15177
    ],
    [
      3524280,
      429.63,
      5.80335
    ],
    [
      3565260,
      434.63,
      5.81126
    ],
    [
      3606240,
      439.63,
      6.59339
    ],
    [
      3647220,
      444.63,
      6.23418
    ],
    [
      3688200,
      449.62,
      6.35909
    ],
    [
      3729180,
      454.62,
      6.27612
    ],
    [
      3770160,
      459.62,
      6.10379
    ],
    [
      3811140,
      464.69,
      5.97458
    ],
    [
      3852120,
      469.7,
      6.50904
    ],
    [
      3893100,
      474.7,
      5.95994
    ],
    [
      3934080,
      479.69,
      6.38237
    ],
    [
      3975060,
      484.69,
      6.24708
    ],
    [
      4016040,
      489.69,
      6.66872
    ],
    [
      4057020,
      494.69,
      6.43032
    ],
    [
      4098000,
      499.69,
      6.36879
    ],
    [
      4138980,
      504.69,
      4.94713
    ],
    [
      4179960,
      509.69,
      6.01795
    ],
    [
      4220940,
      514.69,
      6.30976
    ],
    [
      4261920,
      519.68,
      6.09426
    ],
    [
      4302900,
      524.68,
      5.31056
    ],
    [
      4343880,
      529.68,
      5.79778
    ],
    [
      4384860,
      534.68,
      4.95969
    ],
    [
      4425840,
      539.68,
      4.5668
    ],
    [
      4466820,
      544.73,
      6.20841
    ],
    [
      4507800,
      549.73,
      5.08507
    ],
    [
      4548780,
      554.73,
      6.7936
    ],
    [
      4589760,
      559.73,
      5.728
    ],
    [
      4630740,
      564.73,
      6.02635
    ],
    [
      4671720,
      569.73,
      5.82524
    ],
    [
      4712700,
      574.73,
      5.65869
    ],
    [
      4753680,
      579.73,
      5.82265
    ],
    [
      4794660,
      584.72,
      5.39513
    ],
    [
      4835640,
      589.72,
      5.83687
    ],
    [
      4876620,
      594.72,
      5.5804
