{
  "cfg": {
    "dim": 2240,
    "head_type_logits": [
      -0.6931471805599453,
      -30.0,
      -30.0,
      -30.0,
      -30.0,
      -0.6931471805599453,
      -30.0,
      -30.0
    ],
    "lr": 0.001,
    "knob_lr_mult": 1.0,
    "batch_size": 2,
    "bf16": true,
    "lam_max": 1.585,
    "beta_max": 2.747,
    "shell_state_nonlin": "tanh",
    "shell_state_chunk": 1,
    "shell_fused": true
  },
  "model_params": 1258891264,
  "params_b": 1.2589,
  "counts": {
    "gdn2_recall": 32,
    "e97_track": 0,
    "count": 0,
    "latch": 0,
    "nonlin": 0,
    "gdn2_nonlin_shell": 32,
    "e97_raw": 0,
    "e97_delta": 0
  },
  "seed": 1,
  "dtype": "bf16",
  "steps": 2169,
  "batch_size": 2,
  "tokens": 8888562,
  "compile_seconds": 11.78,
  "wall_minutes": 18.34,
  "wall_seconds_budget": 1100.0,
  "token_cap": null,
  "avg_loss": 6.01535,
  "final_loss": 5.39205,
  "stop_reason": "wall_cap",
  "nan_seen": false,
  "nonfinite_grad": false,
  "sustained_tok_s": 8138.6,
  "peak_mem_mb": 25099.2,
  "heldout": {
    "heldout_nats_per_token": 5.29319,
    "tokens_per_byte": 0.25942,
    "heldout_bpb": 1.98108,
    "n_batches": 40,
    "slice": {
      "path": "/home/erikg/ndm/.wg-worktrees/agent-732/scripts/.pile_heldout_slice.txt",
      "bytes": 9999511,
      "sha256": "3e4241a946e76c31220d21ec45db3cec193d94227681357e72ca477ad77fe25a",
      "sha256_ok": true
    }
  },
  "curve": [
    [
      40980,
      5.16,
      8.6619
    ],
    [
      81960,
      9.79,
      8.0445
    ],
    [
      122940,
      14.45,
      8.23801
    ],
    [
      163920,
      19.11,
      8.08015
    ],
    [
      204900,
      23.83,
      7.60752
    ],
    [
      245880,
      28.56,
      7.79741
    ],
    [
      286860,
      33.32,
      8.12244
    ],
    [
      327840,
      38.11,
      7.66145
    ],
    [
      368820,
      42.91,
      7.6269
    ],
    [
      409800,
      47.71,
      6.38961
    ],
    [
      450780,
      52.53,
      8.00935
    ],
    [
      491760,
      57.5,
      8.13361
    ],
    [
      532740,
      62.35,
      7.40204
    ],
    [
      573720,
      67.23,
      7.14998
    ],
    [
      614700,
      72.11,
      6.92703
    ],
    [
      655680,
      77.02,
      7.32962
    ],
    [
      696660,
      81.96,
      6.837
    ],
    [
      737640,
      86.91,
      6.20706
    ],
    [
      778620,
      91.88,
      6.27064
    ],
    [
      819600,
      96.84,
      7.32651
    ],
    [
      860580,
      101.81,
      6.98107
    ],
    [
      901560,
      106.78,
      7.3629
    ],
    [
      942540,
      111.76,
      6.79627
    ],
    [
      983520,
      116.77,
      6.8824
    ],
    [
      1024500,
      121.76,
      7.28397
    ],
    [
      1065480,
      126.76,
      6.82522
    ],
    [
      1106460,
      131.76,
      6.96118
    ],
    [
      1147440,
      136.86,
      6.76751
    ],
    [
      1188420,
      141.86,
      6.6957
    ],
    [
      1229400,
      146.88,
      6.81279
    ],
    [
      1270380,
      151.89,
      6.34534
    ],
    [
      1311360,
      156.92,
      6.5901
    ],
    [
      1352340,
      161.95,
      5.77938
    ],
    [
      1393320,
      166.99,
      7.97351
    ],
    [
      1434300,
      172.03,
      6.50187
    ],
    [
      1475280,
      177.07,
      6.99363
    ],
    [
      1516260,
      182.13,
      6.10552
    ],
    [
      1557240,
      187.19,
      7.28719
    ],
    [
      1598220,
      192.26,
      6.10498
    ],
    [
      1639200,
      197.34,
      6.24421
    ],
    [
      1680180,
      202.4,
      6.1426
    ],
    [
      1721160,
      207.48,
      7.17231
    ],
    [
      1762140,
      212.56,
      6.32704
    ],
    [
      1803120,
      217.77,
      6.68254
    ],
    [
      1844100,
      222.86,
      5.82346
    ],
    [
      1885080,
      227.96,
      6.94613
    ],
    [
      1926060,
      233.06,
      6.66352
    ],
    [
      1967040,
      238.16,
      5.97292
    ],
    [
      2008020,
      243.25,
      6.63647
    ],
    [
      2049000,
      248.33,
      6.74773
    ],
    [
      2089980,
      253.41,
      6.15563
    ],
    [
      2130960,
      258.51,
      6.08575
    ],
    [
      2171940,
      263.62,
      5.80415
    ],
    [
      2212920,
      268.72,
      5.67612
    ],
    [
      2253900,
      273.82,
      6.59561
    ],
    [
      2294880,
      278.93,
      5.89695
    ],
    [
      2335860,
      284.03,
      5.73978
    ],
    [
      2376840,
      289.13,
      6.37311
    ],
    [
      2417820,
      294.24,
      5.85247
    ],
    [
      2458800,
      299.34,
      7.06475
    ],
    [
      2499780,
      304.53,
      5.90122
    ],
    [
      2540760,
      309.66,
      7.53222
    ],
    [
      2581740,
      314.76,
      6.31687
    ],
    [
      2622720,
      319.85,
      5.42925
    ],
    [
      2663700,
      324.98,
      7.04056
    ],
    [
      2704680,
      330.1,
      6.06654
    ],
    [
      2745660,
      335.2,
      6.11763
    ],
    [
      2786640,
      340.3,
      6.80074
    ],
    [
      2827620,
      345.42,
      6.14182
    ],
    [
      2868600,
      350.54,
      6.1672
    ],
    [
      2909580,
      355.66,
      5.1414
    ],
    [
      2950560,
      360.77,
      5.55199
    ],
    [
      2991540,
      365.89,
      5.71626
    ],
    [
      3032520,
      370.99,
      6.51904
    ],
    [
      3073500,
      376.11,
      6.27072
    ],
    [
      3114480,
      381.22,
      6.66471
    ],
    [
      3155460,
      386.41,
      5.66675
    ],
    [
      3196440,
      391.53,
      6.26513
    ],
    [
      3237420,
      396.64,
      6.00117
    ],
    [
      3278400,
      401.75,
      5.92727
    ],
    [
      3319380,
      406.86,
      5.98461
    ],
    [
      3360360,
      411.97,
      6.54101
    ],
    [
      3401340,
      417.08,
      5.74785
    ],
    [
      3442320,
      422.19,
      5.5014
    ],
    [
      3483300,
      427.3,
      5.34179
    ],
    [
      3524280,
      432.41,
      5.77687
    ],
    [
      3565260,
      437.52,
      5.80819
    ],
    [
      3606240,
      442.63,
      6.17504
    ],
    [
      3647220,
      447.73,
      5.71974
    ],
    [
      3688200,
      452.83,
      4.59641
    ],
    [
      3729180,
      457.94,
      5.83931
    ],
    [
      3770160,
      463.05,
      6.82833
    ],
    [
      3811140,
      468.31,
      6.01252
    ],
    [
      3852120,
      473.43,
      5.38153
    ],
    [
      3893100,
      478.55,
      6.52213
    ],
    [
      3934080,
      483.65,
      6.6135
    ],
    [
      3975060,
      488.76,
      5.40525
    ],
    [
      4016040,
      493.86,
      6.00698
    ],
    [
      4057020,
      498.96,
      5.94052
    ],
    [
      4098000,
      504.06,
      6.07463
    ],
    [
      4138980,
      509.16,
      6.08875
    ],
    [
      4179960,
      514.26,
      5.42561
    ],
    [
      4220940,
      519.38,
      5.96153
    ],
    [
      4261920,
      524.5,
      5.8419
    ],
    [
      4302900,
      529.61,
      5.68617
    ],
    [
      4343880,
      534.73,
      5.58298
    ],
    [
      4384860,
      539.84,
      6.09655
    ],
    [
      4425840,
      544.96,
      5.8898
    ],
    [
      4466820,
      550.16,
      5.11872
    ],
    [
      4507800,
      555.26,
      6.2901
    ],
    [
      4548780,
      560.37,
      5.84101
    ],
    [
      4589760,
      565.47,
      5.39475
    ],
    [
      4630740,
      570.59,
      5.70946
    ],
    [
      4671720,
      575.7,
      4.55056
    ],
    [
      4712700,
      580.82,
      5.40337
    ],
    [
      4753680,
      585.93,
      6.2513
    ],
    [
      4794660,
      591.04,
      6.02786
    ],
    [
      4835640,
      596.15,
      5.66818
    ],
    [
      4876620,
      601.26,
      6.42332
