{
  "cfg": {
    "dim": 2240,
    "head_type_logits": [
      -0.6931471805599453,
      -30.0,
      -30.0,
      -30.0,
      -30.0,
      -0.6931471805599453,
      -30.0,
      -30.0
    ],
    "lr": 0.001,
    "knob_lr_mult": 1.0,
    "batch_size": 2,
    "bf16": true,
    "lam_max": 1.585,
    "beta_max": 2.747,
    "shell_state_nonlin": "tanh",
    "shell_state_chunk": 1,
    "shell_fused": true
  },
  "model_params": 1258891264,
  "params_b": 1.2589,
  "counts": {
    "gdn2_recall": 32,
    "e97_track": 0,
    "count": 0,
    "latch": 0,
    "nonlin": 0,
    "gdn2_nonlin_shell": 32,
    "e97_raw": 0,
    "e97_delta": 0
  },
  "seed": 0,
  "dtype": "bf16",
  "steps": 1221,
  "batch_size": 2,
  "tokens": 5003658,
  "compile_seconds": 10.78,
  "wall_minutes": 10.119,
  "wall_seconds_budget": 720.0,
  "token_cap": 5000000,
  "avg_loss": 6.40583,
  "final_loss": 5.72664,
  "stop_reason": "token_cap",
  "nan_seen": false,
  "nonfinite_grad": false,
  "sustained_tok_s": 8303.4,
  "peak_mem_mb": 25097.4,
  "heldout": {
    "heldout_nats_per_token": 5.59312,
    "tokens_per_byte": 0.25942,
    "heldout_bpb": 2.09333,
    "n_batches": 40,
    "slice": {
      "path": "/home/erikg/ndm/.wg-worktrees/agent-732/scripts/.pile_heldout_slice.txt",
      "bytes": 9999511,
      "sha256": "3e4241a946e76c31220d21ec45db3cec193d94227681357e72ca477ad77fe25a",
      "sha256_ok": true
    }
  },
  "curve": [
    [
      40980,
      4.9,
      9.23816
    ],
    [
      81960,
      9.54,
      8.49714
    ],
    [
      122940,
      14.21,
      8.77078
    ],
    [
      163920,
      18.9,
      8.16003
    ],
    [
      204900,
      23.63,
      8.02136
    ],
    [
      245880,
      28.37,
      7.9317
    ],
    [
      286860,
      33.16,
      7.8138
    ],
    [
      327840,
      37.92,
      7.53798
    ],
    [
      368820,
      42.72,
      7.43423
    ],
    [
      409800,
      47.52,
      7.18787
    ],
    [
      450780,
      52.35,
      6.89345
    ],
    [
      491760,
      57.2,
      7.6871
    ],
    [
      532740,
      62.06,
      7.13967
    ],
    [
      573720,
      66.95,
      7.39401
    ],
    [
      614700,
      71.85,
      7.22272
    ],
    [
      655680,
      76.76,
      7.2146
    ],
    [
      696660,
      81.66,
      7.3638
    ],
    [
      737640,
      86.59,
      7.26024
    ],
    [
      778620,
      91.68,
      7.56446
    ],
    [
      819600,
      96.62,
      6.80689
    ],
    [
      860580,
      101.56,
      7.01584
    ],
    [
      901560,
      106.52,
      6.78742
    ],
    [
      942540,
      111.48,
      5.92038
    ],
    [
      983520,
      116.45,
      6.19032
    ],
    [
      1024500,
      121.41,
      8.17349
    ],
    [
      1065480,
      126.37,
      6.80574
    ],
    [
      1106460,
      131.33,
      7.08061
    ],
    [
      1147440,
      136.32,
      6.85217
    ],
    [
      1188420,
      141.31,
      6.57863
    ],
    [
      1229400,
      146.31,
      6.62732
    ],
    [
      1270380,
      151.3,
      6.69803
    ],
    [
      1311360,
      156.3,
      6.58454
    ],
    [
      1352340,
      161.3,
      6.00548
    ],
    [
      1393320,
      166.3,
      6.65788
    ],
    [
      1434300,
      171.3,
      6.772
    ],
    [
      1475280,
      176.3,
      7.43479
    ],
    [
      1516260,
      181.3,
      7.1883
    ],
    [
      1557240,
      186.29,
      6.73782
    ],
    [
      1598220,
      191.29,
      6.17259
    ],
    [
      1639200,
      196.29,
      6.43093
    ],
    [
      1680180,
      201.29,
      7.56072
    ],
    [
      1721160,
      206.29,
      6.34383
    ],
    [
      1762140,
      211.29,
      5.66357
    ],
    [
      1803120,
      216.28,
      6.34004
    ],
    [
      1844100,
      221.28,
      6.70524
    ],
    [
      1885080,
      226.4,
      6.66337
    ],
    [
      1926060,
      231.4,
      5.96729
    ],
    [
      1967040,
      236.4,
      6.76381
    ],
    [
      2008020,
      241.4,
      6.42225
    ],
    [
      2049000,
      246.4,
      4.84884
    ],
    [
      2089980,
      251.39,
      6.43062
    ],
    [
      2130960,
      256.39,
      5.99448
    ],
    [
      2171940,
      261.39,
      6.33545
    ],
    [
      2212920,
      266.39,
      5.30417
    ],
    [
      2253900,
      271.39,
      6.12551
    ],
    [
      2294880,
      276.39,
      6.59824
    ],
    [
      2335860,
      281.39,
      6.7532
    ],
    [
      2376840,
      286.38,
      5.78904
    ],
    [
      2417820,
      291.38,
      5.7782
    ],
    [
      2458800,
      296.38,
      6.68747
    ],
    [
      2499780,
      301.38,
      6.50954
    ],
    [
      2540760,
      306.38,
      6.12073
    ],
    [
      2581740,
      311.38,
      6.22641
    ],
    [
      2622720,
      316.37,
      5.3486
    ],
    [
      2663700,
      321.37,
      6.32835
    ],
    [
      2704680,
      326.37,
      5.68133
    ],
    [
      2745660,
      331.37,
      5.79389
    ],
    [
      2786640,
      336.37,
      6.17772
    ],
    [
      2827620,
      341.37,
      6.21778
    ],
    [
      2868600,
      346.36,
      5.57621
    ],
    [
      2909580,
      351.36,
      6.23019
    ],
    [
      2950560,
      356.36,
      6.19932
    ],
    [
      2991540,
      361.54,
      6.32145
    ],
    [
      3032520,
      366.54,
      5.97605
    ],
    [
      3073500,
      371.54,
      5.97607
    ],
    [
      3114480,
      376.53,
      6.05566
    ],
    [
      3155460,
      381.53,
      5.34272
    ],
    [
      3196440,
      386.53,
      6.08992
    ],
    [
      3237420,
      391.53,
      6.5504
    ],
    [
      3278400,
      396.53,
      5.72542
    ],
    [
      3319380,
      401.53,
      6.0314
    ],
    [
      3360360,
      406.53,
      7.00091
    ],
    [
      3401340,
      411.52,
      5.9445
    ],
    [
      3442320,
      416.52,
      6.2504
    ],
    [
      3483300,
      421.52,
      6.06923
    ],
    [
      3524280,
      426.52,
      5.83088
    ],
    [
      3565260,
      431.52,
      5.8109
    ],
    [
      3606240,
      436.52,
      6.54522
    ],
    [
      3647220,
      441.51,
      6.21144
    ],
    [
      3688200,
      446.51,
      6.29243
    ],
    [
      3729180,
      451.51,
      6.24694
    ],
    [
      3770160,
      456.51,
      6.07129
    ],
    [
      3811140,
      461.51,
      5.94946
    ],
    [
      3852120,
      466.51,
      6.48348
    ],
    [
      3893100,
      471.51,
      5.92958
    ],
    [
      3934080,
      476.5,
      6.35369
    ],
    [
      3975060,
      481.5,
      6.26644
    ],
    [
      4016040,
      486.5,
      6.69495
    ],
    [
      4057020,
      491.5,
      6.40185
    ],
    [
      4098000,
      496.66,
      6.32536
    ],
    [
      4138980,
      501.66,
      4.87218
    ],
    [
      4179960,
      506.65,
      5.99722
    ],
    [
      4220940,
      511.65,
      6.25257
    ],
    [
      4261920,
      516.65,
      6.05039
    ],
    [
      4302900,
      521.65,
      5.27218
    ],
    [
      4343880,
      526.65,
      5.8105
    ],
    [
      4384860,
      531.65,
      4.9345
    ],
    [
      4425840,
      536.65,
      4.61209
    ],
    [
      4466820,
      541.64,
      6.15936
    ],
    [
      4507800,
      546.64,
      4.99734
    ],
    [
      4548780,
      551.64,
      6.76873
    ],
    [
      4589760,
      556.64,
      5.71327
    ],
    [
      4630740,
      561.64,
      5.97797
    ],
    [
      4671720,
      566.64,
      5.83376
    ],
    [
      4712700,
      571.64,
      5.69825
    ],
    [
      4753680,
      576.64,
      5.79389
    ],
    [
      4794660,
      581.64,
      5.37606
    ],
    [
      4835640,
      586.64,
      5.8231
    ],
    [
      4876620,
      591.63,
      5.56716
    ],
    [
