{
  "cfg": {
    "dim": 2240,
    "head_type_logits": [
      -0.6931471805599453,
      -30.0,
      -30.0,
      -30.0,
      -30.0,
      -0.6931471805599453,
      -30.0,
      -30.0
    ],
    "lr": 0.001,
    "knob_lr_mult": 1.0,
    "batch_size": 2,
    "bf16": true,
    "lam_max": 1.585,
    "beta_max": 2.747,
    "shell_state_nonlin": "tanh",
    "shell_state_chunk": 32,
    "shell_fused": true
  },
  "model_params": 1258891264,
  "params_b": 1.2589,
  "counts": {
    "gdn2_recall": 32,
    "e97_track": 0,
    "count": 0,
    "latch": 0,
    "nonlin": 0,
    "gdn2_nonlin_shell": 32,
    "e97_raw": 0,
    "e97_delta": 0
  },
  "seed": 0,
  "dtype": "bf16",
  "steps": 1488,
  "batch_size": 2,
  "tokens": 6097824,
  "compile_seconds": 10.56,
  "wall_minutes": 12.006,
  "wall_seconds_budget": 720.0,
  "token_cap": null,
  "avg_loss": 6.28004,
  "final_loss": 5.61352,
  "stop_reason": "wall_cap",
  "nan_seen": false,
  "nonfinite_grad": false,
  "sustained_tok_s": 8527.2,
  "peak_mem_mb": 25096.2,
  "heldout": {
    "heldout_nats_per_token": 5.48953,
    "tokens_per_byte": 0.25942,
    "heldout_bpb": 2.05456,
    "n_batches": 40,
    "slice": {
      "path": "/home/erikg/ndm/.wg-worktrees/agent-732/scripts/.pile_heldout_slice.txt",
      "bytes": 9999511,
      "sha256": "3e4241a946e76c31220d21ec45db3cec193d94227681357e72ca477ad77fe25a",
      "sha256_ok": true
    }
  },
  "curve": [
    [
      40980,
      4.63,
      9.34002
    ],
    [
      81960,
      9.22,
      8.51066
    ],
    [
      122940,
      13.86,
      8.82217
    ],
    [
      163920,
      18.51,
      8.16333
    ],
    [
      204900,
      23.18,
      8.1019
    ],
    [
      245880,
      27.84,
      8.35224
    ],
    [
      286860,
      32.54,
      7.8048
    ],
    [
      327840,
      37.26,
      7.57487
    ],
    [
      368820,
      41.99,
      7.31897
    ],
    [
      409800,
      46.74,
      7.19224
    ],
    [
      450780,
      51.52,
      6.83983
    ],
    [
      491760,
      56.46,
      7.68403
    ],
    [
      532740,
      61.26,
      7.17148
    ],
    [
      573720,
      66.05,
      7.36194
    ],
    [
      614700,
      70.84,
      7.16503
    ],
    [
      655680,
      75.64,
      7.18705
    ],
    [
      696660,
      80.44,
      7.4006
    ],
    [
      737640,
      85.24,
      7.25275
    ],
    [
      778620,
      90.04,
      7.4877
    ],
    [
      819600,
      94.87,
      6.77158
    ],
    [
      860580,
      99.7,
      6.97379
    ],
    [
      901560,
      104.52,
      6.83538
    ],
    [
      942540,
      109.36,
      5.87168
    ],
    [
      983520,
      114.19,
      6.15996
    ],
    [
      1024500,
      119.03,
      8.10838
    ],
    [
      1065480,
      123.87,
      6.8422
    ],
    [
      1106460,
      128.71,
      7.03672
    ],
    [
      1147440,
      133.71,
      6.84887
    ],
    [
      1188420,
      138.55,
      6.53882
    ],
    [
      1229400,
      143.4,
      6.5812
    ],
    [
      1270380,
      148.26,
      6.66864
    ],
    [
      1311360,
      153.12,
      6.58492
    ],
    [
      1352340,
      157.99,
      6.07075
    ],
    [
      1393320,
      162.84,
      6.67345
    ],
    [
      1434300,
      167.69,
      6.77797
    ],
    [
      1475280,
      172.54,
      7.35766
    ],
    [
      1516260,
      177.39,
      7.12545
    ],
    [
      1557240,
      182.25,
      6.72656
    ],
    [
      1598220,
      187.11,
      6.11906
    ],
    [
      1639200,
      191.95,
      6.41354
    ],
    [
      1680180,
      196.8,
      7.61723
    ],
    [
      1721160,
      201.67,
      6.36764
    ],
    [
      1762140,
      206.53,
      5.66397
    ],
    [
      1803120,
      211.5,
      6.3953
    ],
    [
      1844100,
      216.36,
      6.64948
    ],
    [
      1885080,
      221.21,
      6.64169
    ],
    [
      1926060,
      226.1,
      5.91384
    ],
    [
      1967040,
      230.99,
      6.75344
    ],
    [
      2008020,
      235.86,
      6.41264
    ],
    [
      2049000,
      240.72,
      4.80619
    ],
    [
      2089980,
      245.6,
      6.44498
    ],
    [
      2130960,
      250.47,
      5.96708
    ],
    [
      2171940,
      255.31,
      6.36042
    ],
    [
      2212920,
      260.18,
      5.28954
    ],
    [
      2253900,
      265.04,
      6.06708
    ],
    [
      2294880,
      269.9,
      6.59963
    ],
    [
      2335860,
      274.76,
      6.76724
    ],
    [
      2376840,
      279.62,
      5.85542
    ],
    [
      2417820,
      284.47,
      5.82383
    ],
    [
      2458800,
      289.32,
      6.67883
    ],
    [
      2499780,
      294.3,
      6.51732
    ],
    [
      2540760,
      299.16,
      6.11098
    ],
    [
      2581740,
      304.01,
      6.21713
    ],
    [
      2622720,
      308.87,
      5.359
    ],
    [
      2663700,
      313.71,
      6.31556
    ],
    [
      2704680,
      318.56,
      5.72641
    ],
    [
      2745660,
      323.42,
      5.81356
    ],
    [
      2786640,
      328.27,
      6.19223
    ],
    [
      2827620,
      333.12,
      6.2076
    ],
    [
      2868600,
      337.98,
      5.58338
    ],
    [
      2909580,
      342.84,
      6.27454
    ],
    [
      2950560,
      347.7,
      6.17047
    ],
    [
      2991540,
      352.56,
      6.31925
    ],
    [
      3032520,
      357.42,
      5.95108
    ],
    [
      3073500,
      362.28,
      6.11364
    ],
    [
      3114480,
      367.14,
      6.0401
    ],
    [
      3155460,
      372.1,
      5.31384
    ],
    [
      3196440,
      376.96,
      6.1127
    ],
    [
      3237420,
      381.8,
      6.68226
    ],
    [
      3278400,
      386.66,
      5.71733
    ],
    [
      3319380,
      391.52,
      6.0401
    ],
    [
      3360360,
      396.38,
      7.0738
    ],
    [
      3401340,
      401.24,
      5.99206
    ],
    [
      3442320,
      406.09,
      6.21981
    ],
    [
      3483300,
      410.94,
      6.09096
    ],
    [
      3524280,
      415.79,
      5.7845
    ],
    [
      3565260,
      420.64,
      5.83898
    ],
    [
      3606240,
      425.49,
      6.54419
    ],
    [
      3647220,
      430.34,
      6.22447
    ],
    [
      3688200,
      435.2,
      6.30555
    ],
    [
      3729180,
      440.04,
      6.26549
    ],
    [
      3770160,
      444.89,
      6.09074
    ],
    [
      3811140,
      449.86,
      5.94138
    ],
    [
      3852120,
      454.7,
      6.47628
    ],
    [
      3893100,
      459.55,
      5.94422
    ],
    [
      3934080,
      464.39,
      6.35019
    ],
    [
      3975060,
      469.25,
      6.22423
    ],
    [
      4016040,
      474.09,
      6.69424
    ],
    [
      4057020,
      478.93,
      6.41056
    ],
    [
      4098000,
      483.77,
      6.28529
    ],
    [
      4138980,
      488.6,
      4.9099
    ],
    [
      4179960,
      493.43,
      5.97459
    ],
    [
      4220940,
      498.26,
      6.27492
    ],
    [
      4261920,
      503.1,
      6.04195
    ],
    [
      4302900,
      507.94,
      5.30072
    ],
    [
      4343880,
      512.79,
      5.7907
    ],
    [
      4384860,
      517.63,
      4.89472
    ],
    [
      4425840,
      522.46,
      4.60972
    ],
    [
      4466820,
      527.39,
      6.15497
    ],
    [
      4507800,
      532.23,
      5.08868
    ],
    [
      4548780,
      537.08,
      6.80444
    ],
    [
      4589760,
      541.92,
      5.73061
    ],
    [
      4630740,
      546.76,
      6.01244
    ],
    [
      4671720,
      551.61,
      5.83149
    ],
    [
      4712700,
      556.46,
      5.71369
    ],
    [
      4753680,
      561.3,
      5.78944
    ],
    [
      4794660,
      566.12,
      5.39212
    ],
    [
      4835640,
      570.97,
      5.82488
    ],
    [
      4876620,
      575.81,
      5.56196
    ],
    [
