{
  "cfg": {
    "dim": 2240,
    "head_type_logits": [
      0.0,
      -30.0,
      -30.0,
      -30.0,
      -30.0,
      -30.0,
      -30.0,
      -30.0
    ],
    "lr": 0.001,
    "knob_lr_mult": 1.0,
    "batch_size": 2,
    "bf16": true,
    "lam_max": 1.585,
    "beta_max": 2.747,
    "shell_state_nonlin": "identity",
    "shell_state_chunk": 64,
    "shell_fused": true
  },
  "model_params": 1258890688,
  "params_b": 1.2589,
  "counts": {
    "gdn2_recall": 64,
    "e97_track": 0,
    "count": 0,
    "latch": 0,
    "nonlin": 0,
    "gdn2_nonlin_shell": 0,
    "e97_raw": 0,
    "e97_delta": 0
  },
  "seed": 0,
  "dtype": "bf16",
  "steps": 2162,
  "batch_size": 2,
  "tokens": 8859876,
  "compile_seconds": 9.28,
  "wall_minutes": 16.311,
  "wall_seconds_budget": 1100.0,
  "token_cap": 8859876,
  "avg_loss": 6.00184,
  "final_loss": 5.31794,
  "stop_reason": "token_cap",
  "nan_seen": false,
  "nonfinite_grad": false,
  "sustained_tok_s": 9122.2,
  "peak_mem_mb": 20644.9,
  "heldout": {
    "heldout_nats_per_token": 5.2863,
    "tokens_per_byte": 0.25942,
    "heldout_bpb": 1.9785,
    "n_batches": 40,
    "slice": {
      "path": "/home/erikg/ndm/.wg-worktrees/agent-732/scripts/.pile_heldout_slice.txt",
      "bytes": 9999511,
      "sha256": "3e4241a946e76c31220d21ec45db3cec193d94227681357e72ca477ad77fe25a",
      "sha256_ok": true
    }
  },
  "curve": [
    [
      40980,
      4.5,
      9.1406
    ],
    [
      81960,
      8.82,
      8.55109
    ],
    [
      122940,
      13.19,
      8.77609
    ],
    [
      163920,
      17.59,
      7.9886
    ],
    [
      204900,
      22.01,
      7.96131
    ],
    [
      245880,
      26.46,
      8.0696
    ],
    [
      286860,
      30.92,
      7.79399
    ],
    [
      327840,
      35.39,
      7.49812
    ],
    [
      368820,
      39.86,
      7.51733
    ],
    [
      409800,
      44.35,
      7.11825
    ],
    [
      450780,
      48.85,
      6.74584
    ],
    [
      491760,
      53.35,
      7.65979
    ],
    [
      532740,
      57.86,
      7.11073
    ],
    [
      573720,
      62.38,
      7.35163
    ],
    [
      614700,
      66.9,
      7.23159
    ],
    [
      655680,
      71.4,
      7.1686
    ],
    [
      696660,
      75.91,
      7.3506
    ],
    [
      737640,
      80.43,
      7.18832
    ],
    [
      778620,
      84.96,
      7.49426
    ],
    [
      819600,
      89.49,
      6.73267
    ],
    [
      860580,
      94.02,
      7.00719
    ],
    [
      901560,
      98.56,
      6.76478
    ],
    [
      942540,
      103.09,
      5.89287
    ],
    [
      983520,
      107.63,
      6.06877
    ],
    [
      1024500,
      112.16,
      8.0841
    ],
    [
      1065480,
      116.69,
      6.77017
    ],
    [
      1106460,
      121.24,
      7.04347
    ],
    [
      1147440,
      125.77,
      6.81449
    ],
    [
      1188420,
      130.3,
      6.52193
    ],
    [
      1229400,
      134.84,
      6.54221
    ],
    [
      1270380,
      139.37,
      6.67946
    ],
    [
      1311360,
      143.9,
      6.57927
    ],
    [
      1352340,
      148.44,
      5.96407
    ],
    [
      1393320,
      152.98,
      6.67129
    ],
    [
      1434300,
      157.51,
      6.73426
    ],
    [
      1475280,
      162.05,
      7.2565
    ],
    [
      1516260,
      166.59,
      7.15469
    ],
    [
      1557240,
      171.13,
      6.71644
    ],
    [
      1598220,
      175.67,
      6.1573
    ],
    [
      1639200,
      180.21,
      6.35628
    ],
    [
      1680180,
      184.75,
      7.53917
    ],
    [
      1721160,
      189.29,
      6.33595
    ],
    [
      1762140,
      193.83,
      5.61425
    ],
    [
      1803120,
      198.58,
      6.37778
    ],
    [
      1844100,
      203.12,
      6.64715
    ],
    [
      1885080,
      207.65,
      6.61806
    ],
    [
      1926060,
      212.19,
      5.96815
    ],
    [
      1967040,
      216.72,
      6.7643
    ],
    [
      2008020,
      221.26,
      6.36702
    ],
    [
      2049000,
      225.8,
      4.76934
    ],
    [
      2089980,
      230.34,
      6.41341
    ],
    [
      2130960,
      234.88,
      5.87714
    ],
    [
      2171940,
      239.42,
      6.32351
    ],
    [
      2212920,
      243.96,
      5.33198
    ],
    [
      2253900,
      248.5,
      6.11419
    ],
    [
      2294880,
      253.02,
      6.57686
    ],
    [
      2335860,
      257.56,
      6.71463
    ],
    [
      2376840,
      262.1,
      5.80766
    ],
    [
      2417820,
      266.64,
      5.74783
    ],
    [
      2458800,
      271.17,
      6.67313
    ],
    [
      2499780,
      275.7,
      6.46367
    ],
    [
      2540760,
      280.24,
      6.09461
    ],
    [
      2581740,
      284.77,
      6.22696
    ],
    [
      2622720,
      289.3,
      5.37578
    ],
    [
      2663700,
      293.83,
      6.30241
    ],
    [
      2704680,
      298.37,
      5.72572
    ],
    [
      2745660,
      302.91,
      5.77561
    ],
    [
      2786640,
      307.45,
      6.16864
    ],
    [
      2827620,
      311.98,
      6.24025
    ],
    [
      2868600,
      316.52,
      5.58093
    ],
    [
      2909580,
      321.05,
      6.23756
    ],
    [
      2950560,
      325.58,
      6.16483
    ],
    [
      2991540,
      330.11,
      6.28419
    ],
    [
      3032520,
      334.65,
      5.93691
    ],
    [
      3073500,
      339.2,
      6.35219
    ],
    [
      3114480,
      343.73,
      6.04244
    ],
    [
      3155460,
      348.27,
      5.32979
    ],
    [
      3196440,
      352.81,
      6.06665
    ],
    [
      3237420,
      357.35,
      6.68913
    ],
    [
      3278400,
      361.88,
      5.77391
    ],
    [
      3319380,
      366.41,
      5.99761
    ],
    [
      3360360,
      370.94,
      6.95136
    ],
    [
      3401340,
      375.48,
      5.95605
    ],
    [
      3442320,
      380.02,
      6.15361
    ],
    [
      3483300,
      384.55,
      6.05682
    ],
    [
      3524280,
      389.08,
      5.73965
    ],
    [
      3565260,
      393.61,
      5.82478
    ],
    [
      3606240,
      398.16,
      6.56393
    ],
    [
      3647220,
      402.69,
      6.18246
    ],
    [
      3688200,
      407.22,
      6.29641
    ],
    [
      3729180,
      411.76,
      6.19383
    ],
    [
      3770160,
      416.29,
      6.08332
    ],
    [
      3811140,
      420.82,
      5.96639
    ],
    [
      3852120,
      425.36,
      6.4753
    ],
    [
      3893100,
      429.89,
      5.90956
    ],
    [
      3934080,
      434.42,
      6.33551
    ],
    [
      3975060,
      438.96,
      6.22091
    ],
    [
      4016040,
      443.49,
      6.72429
    ],
    [
      4057020,
      448.02,
      6.38353
    ],
    [
      4098000,
      452.55,
      6.27582
    ],
    [
      4138980,
      457.08,
      4.83906
    ],
    [
      4179960,
      461.76,
      5.98289
    ],
    [
      4220940,
      466.3,
      6.23787
    ],
    [
      4261920,
      470.83,
      6.08602
    ],
    [
      4302900,
      475.36,
      5.27555
    ],
    [
      4343880,
      479.89,
      5.79506
    ],
    [
      4384860,
      484.43,
      4.89354
    ],
    [
      4425840,
      488.96,
      4.5922
    ],
    [
      4466820,
      493.5,
      6.18674
    ],
    [
      4507800,
      498.04,
      4.99395
    ],
    [
      4548780,
      502.58,
      6.76341
    ],
    [
      4589760,
      507.12,
      5.72862
    ],
    [
      4630740,
      511.65,
      5.96646
    ],
    [
      4671720,
      516.19,
      5.8015
    ],
    [
      4712700,
      520.72,
      5.72421
    ],
    [
      4753680,
      525.25,
      5.79235
    ],
    [
      4794660,
      529.78,
      5.33898
    ],
    [
      4835640,
      534.32,
      5.79726
    ],
    [
      4876620,
      538.86,
      5.54714
    ],
    [
      4917600,
