{
  "cfg": {
    "dim": 2240,
    "head_type_logits": [
      -0.6931471805599453,
      -30.0,
      -30.0,
      -30.0,
      -30.0,
      -0.6931471805599453,
      -30.0,
      -30.0
    ],
    "lr": 0.001,
    "knob_lr_mult": 1.0,
    "batch_size": 2,
    "bf16": true,
    "lam_max": 1.585,
    "beta_max": 2.747,
    "shell_state_nonlin": "tanh",
    "shell_state_chunk": 64,
    "shell_fused": true
  },
  "model_params": 1258891264,
  "params_b": 1.2589,
  "counts": {
    "gdn2_recall": 32,
    "e97_track": 0,
    "count": 0,
    "latch": 0,
    "nonlin": 0,
    "gdn2_nonlin_shell": 32,
    "e97_raw": 0,
    "e97_delta": 0
  },
  "seed": 0,
  "dtype": "bf16",
  "steps": 1503,
  "batch_size": 2,
  "tokens": 6159294,
  "compile_seconds": 10.55,
  "wall_minutes": 12.002,
  "wall_seconds_budget": 720.0,
  "token_cap": null,
  "avg_loss": 6.26987,
  "final_loss": 5.60159,
  "stop_reason": "wall_cap",
  "nan_seen": false,
  "nonfinite_grad": false,
  "sustained_tok_s": 8614.2,
  "peak_mem_mb": 25097.4,
  "heldout": {
    "heldout_nats_per_token": 5.47099,
    "tokens_per_byte": 0.25942,
    "heldout_bpb": 2.04762,
    "n_batches": 40,
    "slice": {
      "path": "/home/erikg/ndm/.wg-worktrees/agent-732/scripts/.pile_heldout_slice.txt",
      "bytes": 9999511,
      "sha256": "3e4241a946e76c31220d21ec45db3cec193d94227681357e72ca477ad77fe25a",
      "sha256_ok": true
    }
  },
  "curve": [
    [
      40980,
      4.78,
      9.2458
    ],
    [
      81960,
      9.37,
      8.49687
    ],
    [
      122940,
      13.98,
      8.85943
    ],
    [
      163920,
      18.62,
      8.16271
    ],
    [
      204900,
      23.28,
      8.07826
    ],
    [
      245880,
      27.95,
      8.16319
    ],
    [
      286860,
      32.64,
      7.84576
    ],
    [
      327840,
      37.34,
      7.5341
    ],
    [
      368820,
      42.07,
      7.33383
    ],
    [
      409800,
      46.84,
      7.20351
    ],
    [
      450780,
      51.64,
      6.93381
    ],
    [
      491760,
      56.58,
      7.67068
    ],
    [
      532740,
      61.38,
      7.11596
    ],
    [
      573720,
      66.16,
      7.39876
    ],
    [
      614700,
      70.95,
      7.18184
    ],
    [
      655680,
      75.73,
      7.19503
    ],
    [
      696660,
      80.53,
      7.34992
    ],
    [
      737640,
      85.33,
      7.24828
    ],
    [
      778620,
      90.13,
      7.5448
    ],
    [
      819600,
      94.93,
      6.78763
    ],
    [
      860580,
      99.72,
      7.03165
    ],
    [
      901560,
      104.53,
      6.79594
    ],
    [
      942540,
      109.32,
      5.93068
    ],
    [
      983520,
      114.12,
      6.11861
    ],
    [
      1024500,
      118.92,
      8.10547
    ],
    [
      1065480,
      123.71,
      6.75736
    ],
    [
      1106460,
      128.52,
      7.05089
    ],
    [
      1147440,
      133.45,
      6.83824
    ],
    [
      1188420,
      138.25,
      6.55664
    ],
    [
      1229400,
      143.05,
      6.58416
    ],
    [
      1270380,
      147.85,
      6.71413
    ],
    [
      1311360,
      152.63,
      6.56706
    ],
    [
      1352340,
      157.41,
      5.99067
    ],
    [
      1393320,
      162.2,
      6.6961
    ],
    [
      1434300,
      166.98,
      6.78439
    ],
    [
      1475280,
      171.78,
      7.29313
    ],
    [
      1516260,
      176.58,
      7.15872
    ],
    [
      1557240,
      181.36,
      6.73146
    ],
    [
      1598220,
      186.14,
      6.13994
    ],
    [
      1639200,
      190.94,
      6.37537
    ],
    [
      1680180,
      195.71,
      7.52708
    ],
    [
      1721160,
      200.51,
      6.37319
    ],
    [
      1762140,
      205.28,
      5.6164
    ],
    [
      1803120,
      210.21,
      6.44294
    ],
    [
      1844100,
      214.99,
      6.59945
    ],
    [
      1885080,
      219.77,
      6.63956
    ],
    [
      1926060,
      224.57,
      5.94233
    ],
    [
      1967040,
      229.32,
      6.73453
    ],
    [
      2008020,
      234.1,
      6.40064
    ],
    [
      2049000,
      238.89,
      4.83158
    ],
    [
      2089980,
      243.66,
      6.44222
    ],
    [
      2130960,
      248.46,
      5.90037
    ],
    [
      2171940,
      253.26,
      6.33649
    ],
    [
      2212920,
      258.03,
      5.37775
    ],
    [
      2253900,
      262.81,
      6.07005
    ],
    [
      2294880,
      267.61,
      6.58941
    ],
    [
      2335860,
      272.37,
      6.74562
    ],
    [
      2376840,
      277.15,
      5.78298
    ],
    [
      2417820,
      281.93,
      5.80564
    ],
    [
      2458800,
      286.73,
      6.66385
    ],
    [
      2499780,
      291.63,
      6.50146
    ],
    [
      2540760,
      296.4,
      6.10521
    ],
    [
      2581740,
      301.17,
      6.22291
    ],
    [
      2622720,
      305.93,
      5.35124
    ],
    [
      2663700,
      310.72,
      6.34102
    ],
    [
      2704680,
      315.48,
      5.75213
    ],
    [
      2745660,
      320.24,
      5.82351
    ],
    [
      2786640,
      324.99,
      6.22489
    ],
    [
      2827620,
      329.78,
      6.22416
    ],
    [
      2868600,
      334.54,
      5.60965
    ],
    [
      2909580,
      339.31,
      6.26822
    ],
    [
      2950560,
      344.08,
      6.20732
    ],
    [
      2991540,
      348.84,
      6.33184
    ],
    [
      3032520,
      353.6,
      5.96563
    ],
    [
      3073500,
      358.36,
      6.38249
    ],
    [
      3114480,
      363.14,
      6.05935
    ],
    [
      3155460,
      368.0,
      5.33519
    ],
    [
      3196440,
      372.8,
      6.09732
    ],
    [
      3237420,
      377.6,
      6.7495
    ],
    [
      3278400,
      382.4,
      5.77827
    ],
    [
      3319380,
      387.19,
      6.04492
    ],
    [
      3360360,
      391.99,
      7.02407
    ],
    [
      3401340,
      396.79,
      6.00364
    ],
    [
      3442320,
      401.59,
      6.2188
    ],
    [
      3483300,
      406.39,
      6.09451
    ],
    [
      3524280,
      411.19,
      5.79647
    ],
    [
      3565260,
      415.99,
      5.79419
    ],
    [
      3606240,
      420.78,
      6.55919
    ],
    [
      3647220,
      425.58,
      6.24426
    ],
    [
      3688200,
      430.38,
      6.33244
    ],
    [
      3729180,
      435.18,
      6.24968
    ],
    [
      3770160,
      439.98,
      6.13041
    ],
    [
      3811140,
      444.86,
      5.9669
    ],
    [
      3852120,
      449.66,
      6.50532
    ],
    [
      3893100,
      454.45,
      5.93496
    ],
    [
      3934080,
      459.25,
      6.38131
    ],
    [
      3975060,
      464.05,
      6.21321
    ],
    [
      4016040,
      468.85,
      6.70543
    ],
    [
      4057020,
      473.65,
      6.39673
    ],
    [
      4098000,
      478.45,
      6.34702
    ],
    [
      4138980,
      483.24,
      4.86508
    ],
    [
      4179960,
      488.04,
      6.01358
    ],
    [
      4220940,
      492.84,
      6.27933
    ],
    [
      4261920,
      497.64,
      6.06804
    ],
    [
      4302900,
      502.44,
      5.27161
    ],
    [
      4343880,
      507.24,
      5.78098
    ],
    [
      4384860,
      512.04,
      4.94283
    ],
    [
      4425840,
      516.83,
      4.58723
    ],
    [
      4466820,
      521.75,
      6.17932
    ],
    [
      4507800,
      526.55,
      5.05101
    ],
    [
      4548780,
      531.35,
      6.79973
    ],
    [
      4589760,
      536.15,
      5.73507
    ],
    [
      4630740,
      540.95,
      6.05073
    ],
    [
      4671720,
      545.75,
      5.85369
    ],
    [
      4712700,
      550.54,
      5.72112
    ],
    [
      4753680,
      555.34,
      5.78804
    ],
    [
      4794660,
      560.14,
      5.3959
    ],
    [
      4835640,
      564.94,
      5.82922
    ],
    [
      4876620,
      569.74,
