{
  "cfg": {
    "dim": 2240,
    "head_type_logits": [
      -0.6931471805599453,
      -30.0,
      -30.0,
      -30.0,
      -30.0,
      -0.6931471805599453,
      -30.0,
      -30.0
    ],
    "lr": 0.001,
    "knob_lr_mult": 1.0,
    "batch_size": 2,
    "bf16": true,
    "lam_max": 1.585,
    "beta_max": 2.747,
    "shell_state_nonlin": "tanh",
    "shell_state_chunk": 32,
    "shell_fused": true
  },
  "model_params": 1258891264,
  "params_b": 1.2589,
  "counts": {
    "gdn2_recall": 32,
    "e97_track": 0,
    "count": 0,
    "latch": 0,
    "nonlin": 0,
    "gdn2_nonlin_shell": 32,
    "e97_raw": 0,
    "e97_delta": 0
  },
  "seed": 0,
  "dtype": "bf16",
  "steps": 1221,
  "batch_size": 2,
  "tokens": 5003658,
  "compile_seconds": 10.96,
  "wall_minutes": 9.756,
  "wall_seconds_budget": 720.0,
  "token_cap": 5000000,
  "avg_loss": 6.41362,
  "final_loss": 5.73776,
  "stop_reason": "token_cap",
  "nan_seen": false,
  "nonfinite_grad": false,
  "sustained_tok_s": 8617.0,
  "peak_mem_mb": 25099.4,
  "heldout": {
    "heldout_nats_per_token": 5.6109,
    "tokens_per_byte": 0.25942,
    "heldout_bpb": 2.09998,
    "n_batches": 40,
    "slice": {
      "path": "/home/erikg/ndm/.wg-worktrees/agent-732/scripts/.pile_heldout_slice.txt",
      "bytes": 9999511,
      "sha256": "3e4241a946e76c31220d21ec45db3cec193d94227681357e72ca477ad77fe25a",
      "sha256_ok": true
    }
  },
  "curve": [
    [
      40980,
      4.86,
      9.25885
    ],
    [
      81960,
      9.43,
      8.52587
    ],
    [
      122940,
      14.02,
      8.77417
    ],
    [
      163920,
      18.62,
      8.09627
    ],
    [
      204900,
      23.24,
      8.02608
    ],
    [
      245880,
      27.91,
      8.17668
    ],
    [
      286860,
      32.61,
      7.87198
    ],
    [
      327840,
      37.28,
      7.48299
    ],
    [
      368820,
      41.98,
      7.29992
    ],
    [
      409800,
      46.69,
      7.17111
    ],
    [
      450780,
      51.43,
      6.81499
    ],
    [
      491760,
      56.19,
      7.74309
    ],
    [
      532740,
      60.95,
      7.16378
    ],
    [
      573720,
      65.71,
      7.36597
    ],
    [
      614700,
      70.5,
      7.20703
    ],
    [
      655680,
      75.29,
      7.18769
    ],
    [
      696660,
      80.09,
      7.39216
    ],
    [
      737640,
      84.89,
      7.26599
    ],
    [
      778620,
      89.87,
      7.58013
    ],
    [
      819600,
      94.67,
      6.77181
    ],
    [
      860580,
      99.47,
      7.04864
    ],
    [
      901560,
      104.27,
      6.79149
    ],
    [
      942540,
      109.06,
      5.88189
    ],
    [
      983520,
      113.86,
      6.18389
    ],
    [
      1024500,
      118.66,
      8.12623
    ],
    [
      1065480,
      123.46,
      6.82685
    ],
    [
      1106460,
      128.26,
      7.03753
    ],
    [
      1147440,
      133.06,
      6.90391
    ],
    [
      1188420,
      137.86,
      6.55468
    ],
    [
      1229400,
      142.66,
      6.52544
    ],
    [
      1270380,
      147.46,
      6.68512
    ],
    [
      1311360,
      152.25,
      6.58164
    ],
    [
      1352340,
      157.05,
      6.07829
    ],
    [
      1393320,
      161.85,
      6.67411
    ],
    [
      1434300,
      166.65,
      6.784
    ],
    [
      1475280,
      171.45,
      7.23504
    ],
    [
      1516260,
      176.25,
      7.13681
    ],
    [
      1557240,
      181.04,
      6.74348
    ],
    [
      1598220,
      185.85,
      6.17521
    ],
    [
      1639200,
      190.65,
      6.3778
    ],
    [
      1680180,
      195.46,
      7.53633
    ],
    [
      1721160,
      200.26,
      6.37579
    ],
    [
      1762140,
      205.06,
      5.67042
    ],
    [
      1803120,
      209.85,
      6.43161
    ],
    [
      1844100,
      214.65,
      6.81784
    ],
    [
      1885080,
      219.63,
      6.63696
    ],
    [
      1926060,
      224.43,
      5.99154
    ],
    [
      1967040,
      229.23,
      6.75571
    ],
    [
      2008020,
      234.03,
      6.42273
    ],
    [
      2049000,
      238.83,
      4.81844
    ],
    [
      2089980,
      243.62,
      6.45853
    ],
    [
      2130960,
      248.42,
      5.92488
    ],
    [
      2171940,
      253.22,
      6.36364
    ],
    [
      2212920,
      258.04,
      5.30537
    ],
    [
      2253900,
      262.84,
      6.15648
    ],
    [
      2294880,
      267.63,
      6.59674
    ],
    [
      2335860,
      272.43,
      6.74915
    ],
    [
      2376840,
      277.23,
      5.8296
    ],
    [
      2417820,
      282.03,
      5.80593
    ],
    [
      2458800,
      286.83,
      6.71955
    ],
    [
      2499780,
      291.63,
      6.54626
    ],
    [
      2540760,
      296.43,
      6.12362
    ],
    [
      2581740,
      301.23,
      6.2565
    ],
    [
      2622720,
      306.02,
      5.37213
    ],
    [
      2663700,
      310.82,
      6.32638
    ],
    [
      2704680,
      315.62,
      5.72017
    ],
    [
      2745660,
      320.42,
      5.83801
    ],
    [
      2786640,
      325.22,
      6.17425
    ],
    [
      2827620,
      330.01,
      6.2711
    ],
    [
      2868600,
      334.81,
      5.57024
    ],
    [
      2909580,
      339.61,
      6.28904
    ],
    [
      2950560,
      344.41,
      6.17001
    ],
    [
      2991540,
      349.41,
      6.33628
    ],
    [
      3032520,
      354.21,
      5.93504
    ],
    [
      3073500,
      359.01,
      6.13438
    ],
    [
      3114480,
      363.81,
      6.06478
    ],
    [
      3155460,
      368.6,
      5.36004
    ],
    [
      3196440,
      373.4,
      6.10072
    ],
    [
      3237420,
      378.2,
      6.5525
    ],
    [
      3278400,
      383.0,
      5.81924
    ],
    [
      3319380,
      387.8,
      6.03007
    ],
    [
      3360360,
      392.6,
      6.97325
    ],
    [
      3401340,
      397.4,
      5.98979
    ],
    [
      3442320,
      402.19,
      6.20846
    ],
    [
      3483300,
      406.99,
      6.13362
    ],
    [
      3524280,
      411.79,
      5.83858
    ],
    [
      3565260,
      416.59,
      5.78832
    ],
    [
      3606240,
      421.39,
      6.56013
    ],
    [
      3647220,
      426.19,
      6.18921
    ],
    [
      3688200,
      430.99,
      6.34397
    ],
    [
      3729180,
      435.79,
      6.23355
    ],
    [
      3770160,
      440.58,
      6.10966
    ],
    [
      3811140,
      445.38,
      5.98403
    ],
    [
      3852120,
      450.18,
      6.47624
    ],
    [
      3893100,
      454.98,
      5.95301
    ],
    [
      3934080,
      459.77,
      6.3735
    ],
    [
      3975060,
      464.57,
      6.17561
    ],
    [
      4016040,
      469.37,
      6.66467
    ],
    [
      4057020,
      474.17,
      6.41537
    ],
    [
      4098000,
      479.15,
      6.33166
    ],
    [
      4138980,
      483.95,
      4.89651
    ],
    [
      4179960,
      488.75,
      6.00241
    ],
    [
      4220940,
      493.55,
      6.27274
    ],
    [
      4261920,
      498.34,
      6.08377
    ],
    [
      4302900,
      503.14,
      5.33584
    ],
    [
      4343880,
      507.94,
      5.81074
    ],
    [
      4384860,
      512.74,
      4.96945
    ],
    [
      4425840,
      517.54,
      4.65524
    ],
    [
      4466820,
      522.34,
      6.15003
    ],
    [
      4507800,
      527.14,
      5.03951
    ],
    [
      4548780,
      531.93,
      6.75651
    ],
    [
      4589760,
      536.73,
      5.71122
    ],
    [
      4630740,
      541.53,
      5.98389
    ],
    [
      4671720,
      546.33,
      5.87761
    ],
    [
      4712700,
      551.13,
      5.65709
    ],
    [
      4753680,
      555.93,
      5.80684
    ],
    [
      4794660,
      560.74,
      5.40254
    ],
    [
      4835640,
      565.58,
      5.84618
    ],
    [
      4876620,
      570.41,
