{
  "cfg": {
    "dim": 2240,
    "head_type_logits": [
      -0.6931471805599453,
      -30.0,
      -30.0,
      -30.0,
      -30.0,
      -0.6931471805599453,
      -30.0,
      -30.0
    ],
    "lr": 0.001,
    "knob_lr_mult": 1.0,
    "batch_size": 2,
    "bf16": true,
    "lam_max": 1.585,
    "beta_max": 2.747,
    "shell_state_nonlin": "tanh",
    "shell_state_chunk": 2048,
    "shell_fused": true
  },
  "model_params": 1258891264,
  "params_b": 1.2589,
  "counts": {
    "gdn2_recall": 32,
    "e97_track": 0,
    "count": 0,
    "latch": 0,
    "nonlin": 0,
    "gdn2_nonlin_shell": 32,
    "e97_raw": 0,
    "e97_delta": 0
  },
  "seed": 0,
  "dtype": "bf16",
  "steps": 1221,
  "batch_size": 2,
  "tokens": 5003658,
  "compile_seconds": 9.7,
  "wall_minutes": 9.719,
  "wall_seconds_budget": 720.0,
  "token_cap": 5000000,
  "avg_loss": 6.42344,
  "final_loss": 5.7421,
  "stop_reason": "token_cap",
  "nan_seen": false,
  "nonfinite_grad": false,
  "sustained_tok_s": 8647.8,
  "peak_mem_mb": 25097.4,
  "heldout": {
    "heldout_nats_per_token": 5.62125,
    "tokens_per_byte": 0.25942,
    "heldout_bpb": 2.10386,
    "n_batches": 40,
    "slice": {
      "path": "/home/erikg/ndm/.wg-worktrees/agent-732/scripts/.pile_heldout_slice.txt",
      "bytes": 9999511,
      "sha256": "3e4241a946e76c31220d21ec45db3cec193d94227681357e72ca477ad77fe25a",
      "sha256_ok": true
    }
  },
  "curve": [
    [
      40980,
      4.96,
      9.16669
    ],
    [
      81960,
      9.57,
      8.50172
    ],
    [
      122940,
      14.2,
      8.86745
    ],
    [
      163920,
      18.86,
      8.09872
    ],
    [
      204900,
      23.54,
      8.10855
    ],
    [
      245880,
      28.24,
      8.23084
    ],
    [
      286860,
      32.96,
      7.7981
    ],
    [
      327840,
      37.69,
      7.66035
    ],
    [
      368820,
      42.43,
      7.30921
    ],
    [
      409800,
      47.18,
      7.22488
    ],
    [
      450780,
      51.94,
      6.85853
    ],
    [
      491760,
      56.7,
      7.72399
    ],
    [
      532740,
      61.46,
      7.15883
    ],
    [
      573720,
      66.44,
      7.36842
    ],
    [
      614700,
      71.22,
      7.20558
    ],
    [
      655680,
      75.99,
      7.22306
    ],
    [
      696660,
      80.77,
      7.37184
    ],
    [
      737640,
      85.55,
      7.25682
    ],
    [
      778620,
      90.35,
      7.57422
    ],
    [
      819600,
      95.13,
      6.81987
    ],
    [
      860580,
      99.9,
      7.04941
    ],
    [
      901560,
      104.68,
      6.80121
    ],
    [
      942540,
      109.44,
      5.89789
    ],
    [
      983520,
      114.2,
      6.12196
    ],
    [
      1024500,
      118.98,
      8.17732
    ],
    [
      1065480,
      123.74,
      6.79401
    ],
    [
      1106460,
      128.5,
      7.06141
    ],
    [
      1147440,
      133.26,
      6.88606
    ],
    [
      1188420,
      138.02,
      6.55319
    ],
    [
      1229400,
      142.78,
      6.51461
    ],
    [
      1270380,
      147.54,
      6.72328
    ],
    [
      1311360,
      152.31,
      6.60077
    ],
    [
      1352340,
      157.09,
      6.05299
    ],
    [
      1393320,
      162.06,
      6.70248
    ],
    [
      1434300,
      166.85,
      6.78261
    ],
    [
      1475280,
      171.63,
      7.23942
    ],
    [
      1516260,
      176.43,
      7.19349
    ],
    [
      1557240,
      181.21,
      6.75844
    ],
    [
      1598220,
      186.0,
      6.18656
    ],
    [
      1639200,
      190.8,
      6.4466
    ],
    [
      1680180,
      195.6,
      7.57012
    ],
    [
      1721160,
      200.4,
      6.38876
    ],
    [
      1762140,
      205.2,
      5.66678
    ],
    [
      1803120,
      210.0,
      6.36765
    ],
    [
      1844100,
      214.79,
      6.61031
    ],
    [
      1885080,
      219.59,
      6.63997
    ],
    [
      1926060,
      224.39,
      5.97054
    ],
    [
      1967040,
      229.19,
      6.77438
    ],
    [
      2008020,
      233.99,
      6.36207
    ],
    [
      2049000,
      238.79,
      4.83521
    ],
    [
      2089980,
      243.59,
      6.4653
    ],
    [
      2130960,
      248.38,
      5.90967
    ],
    [
      2171940,
      253.18,
      6.34719
    ],
    [
      2212920,
      258.11,
      5.35407
    ],
    [
      2253900,
      262.89,
      6.1259
    ],
    [
      2294880,
      267.68,
      6.60187
    ],
    [
      2335860,
      272.46,
      6.76522
    ],
    [
      2376840,
      277.26,
      5.82942
    ],
    [
      2417820,
      282.05,
      5.77888
    ],
    [
      2458800,
      286.83,
      6.71955
    ],
    [
      2499780,
      291.61,
      6.52684
    ],
    [
      2540760,
      296.37,
      6.14905
    ],
    [
      2581740,
      301.13,
      6.24762
    ],
    [
      2622720,
      305.89,
      5.38038
    ],
    [
      2663700,
      310.64,
      6.34281
    ],
    [
      2704680,
      315.4,
      5.68865
    ],
    [
      2745660,
      320.15,
      5.82192
    ],
    [
      2786640,
      324.92,
      6.20372
    ],
    [
      2827620,
      329.67,
      6.27785
    ],
    [
      2868600,
      334.44,
      5.61664
    ],
    [
      2909580,
      339.2,
      6.26516
    ],
    [
      2950560,
      343.95,
      6.20119
    ],
    [
      2991540,
      348.71,
      6.3414
    ],
    [
      3032520,
      353.47,
      5.97713
    ],
    [
      3073500,
      358.37,
      6.03409
    ],
    [
      3114480,
      363.13,
      6.05227
    ],
    [
      3155460,
      367.89,
      5.35857
    ],
    [
      3196440,
      372.65,
      6.13734
    ],
    [
      3237420,
      377.4,
      6.58097
    ],
    [
      3278400,
      382.16,
      5.74587
    ],
    [
      3319380,
      386.92,
      6.01167
    ],
    [
      3360360,
      391.68,
      7.07229
    ],
    [
      3401340,
      396.44,
      6.01183
    ],
    [
      3442320,
      401.18,
      6.22838
    ],
    [
      3483300,
      405.95,
      6.11548
    ],
    [
      3524280,
      410.71,
      5.80533
    ],
    [
      3565260,
      415.47,
      5.81117
    ],
    [
      3606240,
      420.23,
      6.58355
    ],
    [
      3647220,
      424.99,
      6.22936
    ],
    [
      3688200,
      429.75,
      6.35063
    ],
    [
      3729180,
      434.51,
      6.27714
    ],
    [
      3770160,
      439.27,
      6.09619
    ],
    [
      3811140,
      444.02,
      5.98932
    ],
    [
      3852120,
      448.78,
      6.49401
    ],
    [
      3893100,
      453.65,
      5.93343
    ],
    [
      3934080,
      458.44,
      6.38802
    ],
    [
      3975060,
      463.2,
      6.24385
    ],
    [
      4016040,
      467.96,
      6.66804
    ],
    [
      4057020,
      472.71,
      6.40072
    ],
    [
      4098000,
      477.47,
      6.35148
    ],
    [
      4138980,
      482.22,
      4.90988
    ],
    [
      4179960,
      486.99,
      6.02098
    ],
    [
      4220940,
      491.75,
      6.28977
    ],
    [
      4261920,
      496.51,
      6.01419
    ],
    [
      4302900,
      501.27,
      5.35134
    ],
    [
      4343880,
      506.02,
      5.78625
    ],
    [
      4384860,
      510.78,
      4.97184
    ],
    [
      4425840,
      515.54,
      4.61381
    ],
    [
      4466820,
      520.3,
      6.15804
    ],
    [
      4507800,
      525.06,
      5.04499
    ],
    [
      4548780,
      529.84,
      6.74901
    ],
    [
      4589760,
      534.61,
      5.7385
    ],
    [
      4630740,
      539.39,
      6.01926
    ],
    [
      4671720,
      544.18,
      5.86371
    ],
    [
      4712700,
      549.07,
      5.72107
    ],
    [
      4753680,
      553.87,
      5.85069
    ],
    [
      4794660,
      558.66,
      5.37881
    ],
    [
      4835640,
      563.45,
      5.81153
    ],
    [
      4876620,
      568.25,
      5.56101
