{
  "cfg": {
    "dim": 2240,
    "head_type_logits": [
      -0.6931471805599453,
      -30.0,
      -30.0,
      -30.0,
      -30.0,
      -0.6931471805599453,
      -30.0,
      -30.0
    ],
    "lr": 0.001,
    "knob_lr_mult": 1.0,
    "batch_size": 2,
    "bf16": true,
    "lam_max": 1.585,
    "beta_max": 2.747,
    "shell_state_nonlin": "tanh",
    "shell_state_chunk": 256,
    "shell_fused": true
  },
  "model_params": 1258891264,
  "params_b": 1.2589,
  "counts": {
    "gdn2_recall": 32,
    "e97_track": 0,
    "count": 0,
    "latch": 0,
    "nonlin": 0,
    "gdn2_nonlin_shell": 32,
    "e97_raw": 0,
    "e97_delta": 0
  },
  "seed": 0,
  "dtype": "bf16",
  "steps": 1513,
  "batch_size": 2,
  "tokens": 6200274,
  "compile_seconds": 10.58,
  "wall_minutes": 12.005,
  "wall_seconds_budget": 720.0,
  "token_cap": null,
  "avg_loss": 6.26909,
  "final_loss": 5.62729,
  "stop_reason": "wall_cap",
  "nan_seen": false,
  "nonfinite_grad": false,
  "sustained_tok_s": 8671.7,
  "peak_mem_mb": 25097.4,
  "heldout": {
    "heldout_nats_per_token": 5.47859,
    "tokens_per_byte": 0.25942,
    "heldout_bpb": 2.05047,
    "n_batches": 40,
    "slice": {
      "path": "/home/erikg/ndm/.wg-worktrees/agent-732/scripts/.pile_heldout_slice.txt",
      "bytes": 9999511,
      "sha256": "3e4241a946e76c31220d21ec45db3cec193d94227681357e72ca477ad77fe25a",
      "sha256_ok": true
    }
  },
  "curve": [
    [
      40980,
      4.66,
      9.27798
    ],
    [
      81960,
      9.1,
      8.52836
    ],
    [
      122940,
      13.56,
      8.89843
    ],
    [
      163920,
      18.04,
      8.17174
    ],
    [
      204900,
      22.54,
      8.08498
    ],
    [
      245880,
      27.06,
      8.15996
    ],
    [
      286860,
      31.61,
      7.8131
    ],
    [
      327840,
      36.17,
      7.56504
    ],
    [
      368820,
      40.74,
      7.39812
    ],
    [
      409800,
      45.32,
      7.25105
    ],
    [
      450780,
      49.93,
      6.86348
    ],
    [
      491760,
      54.69,
      7.74428
    ],
    [
      532740,
      59.34,
      7.18174
    ],
    [
      573720,
      63.99,
      7.42279
    ],
    [
      614700,
      68.66,
      7.2406
    ],
    [
      655680,
      73.34,
      7.20628
    ],
    [
      696660,
      78.01,
      7.33225
    ],
    [
      737640,
      82.71,
      7.22631
    ],
    [
      778620,
      87.41,
      7.59427
    ],
    [
      819600,
      92.11,
      6.74288
    ],
    [
      860580,
      96.81,
      6.97554
    ],
    [
      901560,
      101.51,
      6.79829
    ],
    [
      942540,
      106.24,
      5.8827
    ],
    [
      983520,
      110.97,
      6.10539
    ],
    [
      1024500,
      115.7,
      8.11253
    ],
    [
      1065480,
      120.42,
      6.88285
    ],
    [
      1106460,
      125.16,
      7.07337
    ],
    [
      1147440,
      130.02,
      6.84418
    ],
    [
      1188420,
      134.77,
      6.56245
    ],
    [
      1229400,
      139.53,
      6.5149
    ],
    [
      1270380,
      144.28,
      6.69323
    ],
    [
      1311360,
      149.02,
      6.6169
    ],
    [
      1352340,
      153.77,
      6.0109
    ],
    [
      1393320,
      158.53,
      6.69202
    ],
    [
      1434300,
      163.29,
      6.76238
    ],
    [
      1475280,
      168.04,
      7.48376
    ],
    [
      1516260,
      172.8,
      7.17005
    ],
    [
      1557240,
      177.57,
      6.72219
    ],
    [
      1598220,
      182.32,
      6.17025
    ],
    [
      1639200,
      187.09,
      6.45326
    ],
    [
      1680180,
      191.84,
      7.55093
    ],
    [
      1721160,
      196.6,
      6.3697
    ],
    [
      1762140,
      201.36,
      5.62547
    ],
    [
      1803120,
      206.19,
      6.41218
    ],
    [
      1844100,
      210.97,
      6.58855
    ],
    [
      1885080,
      215.75,
      6.62564
    ],
    [
      1926060,
      220.55,
      5.95145
    ],
    [
      1967040,
      225.35,
      6.77943
    ],
    [
      2008020,
      230.15,
      6.41967
    ],
    [
      2049000,
      234.92,
      4.75869
    ],
    [
      2089980,
      239.72,
      6.44905
    ],
    [
      2130960,
      244.52,
      5.94562
    ],
    [
      2171940,
      249.32,
      6.34443
    ],
    [
      2212920,
      254.12,
      5.36045
    ],
    [
      2253900,
      258.88,
      6.0581
    ],
    [
      2294880,
      263.65,
      6.59967
    ],
    [
      2335860,
      268.43,
      6.74991
    ],
    [
      2376840,
      273.23,
      5.84014
    ],
    [
      2417820,
      278.03,
      5.76861
    ],
    [
      2458800,
      282.81,
      6.67111
    ],
    [
      2499780,
      287.67,
      6.50283
    ],
    [
      2540760,
      292.47,
      6.0685
    ],
    [
      2581740,
      297.25,
      6.24629
    ],
    [
      2622720,
      302.04,
      5.34688
    ],
    [
      2663700,
      306.82,
      6.33175
    ],
    [
      2704680,
      311.62,
      5.66305
    ],
    [
      2745660,
      316.42,
      5.81908
    ],
    [
      2786640,
      321.21,
      6.18789
    ],
    [
      2827620,
      325.99,
      6.25288
    ],
    [
      2868600,
      330.77,
      5.59071
    ],
    [
      2909580,
      335.57,
      6.26823
    ],
    [
      2950560,
      340.36,
      6.18167
    ],
    [
      2991540,
      345.13,
      6.31039
    ],
    [
      3032520,
      349.93,
      5.95511
    ],
    [
      3073500,
      354.73,
      6.15041
    ],
    [
      3114480,
      359.5,
      6.0708
    ],
    [
      3155460,
      364.36,
      5.33811
    ],
    [
      3196440,
      369.16,
      6.09809
    ],
    [
      3237420,
      373.96,
      6.50128
    ],
    [
      3278400,
      378.76,
      5.83429
    ],
    [
      3319380,
      383.56,
      6.01563
    ],
    [
      3360360,
      388.34,
      6.97713
    ],
    [
      3401340,
      393.11,
      6.00774
    ],
    [
      3442320,
      397.91,
      6.20294
    ],
    [
      3483300,
      402.71,
      6.11589
    ],
    [
      3524280,
      407.51,
      5.75134
    ],
    [
      3565260,
      412.27,
      5.82636
    ],
    [
      3606240,
      417.06,
      6.55989
    ],
    [
      3647220,
      421.82,
      6.18714
    ],
    [
      3688200,
      426.62,
      6.34806
    ],
    [
      3729180,
      431.42,
      6.21789
    ],
    [
      3770160,
      436.2,
      6.08493
    ],
    [
      3811140,
      441.06,
      5.98901
    ],
    [
      3852120,
      445.86,
      6.48229
    ],
    [
      3893100,
      450.66,
      5.96325
    ],
    [
      3934080,
      455.45,
      6.37422
    ],
    [
      3975060,
      460.23,
      6.22929
    ],
    [
      4016040,
      465.03,
      6.67046
    ],
    [
      4057020,
      469.82,
      6.39635
    ],
    [
      4098000,
      474.59,
      6.3025
    ],
    [
      4138980,
      479.37,
      4.91175
    ],
    [
      4179960,
      484.15,
      6.01553
    ],
    [
      4220940,
      488.92,
      6.25102
    ],
    [
      4261920,
      493.7,
      6.058
    ],
    [
      4302900,
      498.48,
      5.3128
    ],
    [
      4343880,
      503.28,
      5.79309
    ],
    [
      4384860,
      508.06,
      4.90895
    ],
    [
      4425840,
      512.84,
      4.65219
    ],
    [
      4466820,
      517.68,
      6.16932
    ],
    [
      4507800,
      522.47,
      5.02883
    ],
    [
      4548780,
      527.27,
      6.79431
    ],
    [
      4589760,
      532.07,
      5.74063
    ],
    [
      4630740,
      536.86,
      6.01538
    ],
    [
      4671720,
      541.63,
      5.83549
    ],
    [
      4712700,
      546.41,
      5.70853
    ],
    [
      4753680,
      551.19,
      5.79938
    ],
    [
      4794660,
      555.96,
      5.39101
    ],
    [
      4835640,
      560.76,
      5.81659
    ],
    [
      4876620,
      565.54,
      5.53693
