{
  "cfg": {
    "dim": 2240,
    "head_type_logits": [
      -0.6931471805599453,
      -30.0,
      -30.0,
      -30.0,
      -30.0,
      -0.6931471805599453,
      -30.0,
      -30.0
    ],
    "lr": 0.001,
    "knob_lr_mult": 1.0,
    "batch_size": 2,
    "bf16": true,
    "lam_max": 1.585,
    "beta_max": 2.747,
    "shell_state_nonlin": "tanh",
    "shell_state_chunk": 64,
    "shell_fused": true
  },
  "model_params": 1258891264,
  "params_b": 1.2589,
  "counts": {
    "gdn2_recall": 32,
    "e97_track": 0,
    "count": 0,
    "latch": 0,
    "nonlin": 0,
    "gdn2_nonlin_shell": 32,
    "e97_raw": 0,
    "e97_delta": 0
  },
  "seed": 0,
  "dtype": "bf16",
  "steps": 1221,
  "batch_size": 2,
  "tokens": 5003658,
  "compile_seconds": 11.24,
  "wall_minutes": 10.121,
  "wall_seconds_budget": 720.0,
  "token_cap": 5000000,
  "avg_loss": 6.40727,
  "final_loss": 5.735,
  "stop_reason": "token_cap",
  "nan_seen": false,
  "nonfinite_grad": false,
  "sustained_tok_s": 8330.8,
  "peak_mem_mb": 25098.2,
  "heldout": {
    "heldout_nats_per_token": 5.59824,
    "tokens_per_byte": 0.25942,
    "heldout_bpb": 2.09525,
    "n_batches": 40,
    "slice": {
      "path": "/home/erikg/ndm/.wg-worktrees/agent-732/scripts/.pile_heldout_slice.txt",
      "bytes": 9999511,
      "sha256": "3e4241a946e76c31220d21ec45db3cec193d94227681357e72ca477ad77fe25a",
      "sha256_ok": true
    }
  },
  "curve": [
    [
      40980,
      5.07,
      9.20159
    ],
    [
      81960,
      9.6,
      8.47972
    ],
    [
      122940,
      14.16,
      8.85095
    ],
    [
      163920,
      18.77,
      8.2154
    ],
    [
      204900,
      23.37,
      8.02538
    ],
    [
      245880,
      28.04,
      8.03215
    ],
    [
      286860,
      32.71,
      7.78915
    ],
    [
      327840,
      37.4,
      7.56872
    ],
    [
      368820,
      42.11,
      7.2593
    ],
    [
      409800,
      46.85,
      7.12781
    ],
    [
      450780,
      51.63,
      6.87859
    ],
    [
      491760,
      56.43,
      7.6937
    ],
    [
      532740,
      61.23,
      7.05006
    ],
    [
      573720,
      66.02,
      7.36489
    ],
    [
      614700,
      70.83,
      7.22307
    ],
    [
      655680,
      75.66,
      7.18924
    ],
    [
      696660,
      80.51,
      7.37512
    ],
    [
      737640,
      85.37,
      7.2075
    ],
    [
      778620,
      90.69,
      7.52593
    ],
    [
      819600,
      95.65,
      6.7519
    ],
    [
      860580,
      100.56,
      7.01079
    ],
    [
      901560,
      105.51,
      6.77462
    ],
    [
      942540,
      110.44,
      5.88432
    ],
    [
      983520,
      115.37,
      6.09985
    ],
    [
      1024500,
      120.3,
      8.12823
    ],
    [
      1065480,
      125.25,
      6.77234
    ],
    [
      1106460,
      130.22,
      7.05517
    ],
    [
      1147440,
      135.18,
      6.86845
    ],
    [
      1188420,
      140.16,
      6.52954
    ],
    [
      1229400,
      145.15,
      6.5958
    ],
    [
      1270380,
      150.11,
      6.6807
    ],
    [
      1311360,
      155.11,
      6.56861
    ],
    [
      1352340,
      160.11,
      5.98842
    ],
    [
      1393320,
      165.11,
      6.69219
    ],
    [
      1434300,
      170.11,
      6.76314
    ],
    [
      1475280,
      175.09,
      7.30187
    ],
    [
      1516260,
      180.08,
      7.12592
    ],
    [
      1557240,
      185.06,
      6.71365
    ],
    [
      1598220,
      190.06,
      6.16968
    ],
    [
      1639200,
      195.06,
      6.37615
    ],
    [
      1680180,
      200.06,
      7.56594
    ],
    [
      1721160,
      205.06,
      6.42801
    ],
    [
      1762140,
      210.04,
      5.62303
    ],
    [
      1803120,
      215.03,
      6.40977
    ],
    [
      1844100,
      220.03,
      6.82967
    ],
    [
      1885080,
      225.51,
      6.65452
    ],
    [
      1926060,
      230.49,
      6.01196
    ],
    [
      1967040,
      235.49,
      6.77304
    ],
    [
      2008020,
      240.46,
      6.38335
    ],
    [
      2049000,
      245.46,
      4.83454
    ],
    [
      2089980,
      250.46,
      6.45068
    ],
    [
      2130960,
      255.46,
      5.95932
    ],
    [
      2171940,
      260.46,
      6.3645
    ],
    [
      2212920,
      265.46,
      5.33291
    ],
    [
      2253900,
      270.44,
      6.09146
    ],
    [
      2294880,
      275.44,
      6.60244
    ],
    [
      2335860,
      280.43,
      6.74191
    ],
    [
      2376840,
      285.41,
      5.79013
    ],
    [
      2417820,
      290.41,
      5.80112
    ],
    [
      2458800,
      295.39,
      6.72787
    ],
    [
      2499780,
      300.38,
      6.50917
    ],
    [
      2540760,
      305.37,
      6.1357
    ],
    [
      2581740,
      310.35,
      6.21516
    ],
    [
      2622720,
      315.34,
      5.3701
    ],
    [
      2663700,
      320.33,
      6.33283
    ],
    [
      2704680,
      325.32,
      5.74492
    ],
    [
      2745660,
      330.32,
      5.82896
    ],
    [
      2786640,
      335.3,
      6.21289
    ],
    [
      2827620,
      340.26,
      6.25232
    ],
    [
      2868600,
      345.25,
      5.59894
    ],
    [
      2909580,
      350.25,
      6.26599
    ],
    [
      2950560,
      355.25,
      6.16384
    ],
    [
      2991540,
      360.73,
      6.33175
    ],
    [
      3032520,
      365.75,
      5.97261
    ],
    [
      3073500,
      370.75,
      6.22282
    ],
    [
      3114480,
      375.74,
      6.06744
    ],
    [
      3155460,
      380.75,
      5.32739
    ],
    [
      3196440,
      385.74,
      6.11142
    ],
    [
      3237420,
      390.74,
      6.72101
    ],
    [
      3278400,
      395.74,
      5.78332
    ],
    [
      3319380,
      400.74,
      6.01688
    ],
    [
      3360360,
      405.74,
      6.99167
    ],
    [
      3401340,
      410.73,
      5.9924
    ],
    [
      3442320,
      415.74,
      6.27831
    ],
    [
      3483300,
      420.73,
      6.1195
    ],
    [
      3524280,
      425.73,
      5.82249
    ],
    [
      3565260,
      430.75,
      5.84437
    ],
    [
      3606240,
      435.75,
      6.53363
    ],
    [
      3647220,
      440.75,
      6.22995
    ],
    [
      3688200,
      445.74,
      6.3298
    ],
    [
      3729180,
      450.74,
      6.25639
    ],
    [
      3770160,
      455.74,
      6.07073
    ],
    [
      3811140,
      460.74,
      5.96792
    ],
    [
      3852120,
      465.74,
      6.4839
    ],
    [
      3893100,
      470.74,
      5.94223
    ],
    [
      3934080,
      475.73,
      6.38416
    ],
    [
      3975060,
      480.73,
      6.23685
    ],
    [
      4016040,
      485.73,
      6.67496
    ],
    [
      4057020,
      490.73,
      6.41185
    ],
    [
      4098000,
      496.08,
      6.33385
    ],
    [
      4138980,
      501.08,
      4.92591
    ],
    [
      4179960,
      506.07,
      5.99
    ],
    [
      4220940,
      511.06,
      6.26847
    ],
    [
      4261920,
      516.07,
      6.02081
    ],
    [
      4302900,
      521.06,
      5.31324
    ],
    [
      4343880,
      526.06,
      5.80345
    ],
    [
      4384860,
      531.06,
      4.97978
    ],
    [
      4425840,
      536.08,
      4.5558
    ],
    [
      4466820,
      541.12,
      6.16471
    ],
    [
      4507800,
      546.17,
      5.02762
    ],
    [
      4548780,
      551.21,
      6.77858
    ],
    [
      4589760,
      556.27,
      5.74592
    ],
    [
      4630740,
      561.33,
      5.95852
    ],
    [
      4671720,
      566.38,
      5.82225
    ],
    [
      4712700,
      571.42,
      5.65636
    ],
    [
      4753680,
      576.47,
      5.81767
    ],
    [
      4794660,
      581.52,
      5.37848
    ],
    [
      4835640,
      586.58,
      5.81202
    ],
    [
      4876620,
      591.64,
