{"params": {"dim": 1408, "n_heads": 463, "depth": 11, "mixture_nonlin": 0.10786205328680026, "lr": 0.002443972223883072, "batch_size": 13}, "model_type": "emender", "eval_id": 24}