{
  "name": "emender_found_wall_s0",
  "head_type_logits": [
    0.0,
    -3.3296712761624936,
    -30.0,
    -30.0,
    -30.0,
    -30.0,
    -30.0,
    -2.7766699027903274,
    -30.0
  ],
  "dim": 512,
  "depth": 12,
  "n_heads": 32,
  "n_state": 32,
  "lr": 0.0005,
  "batch_size": 8,
  "chunk": 512,
  "eval_chunk": 512,
  "seed": 0,
  "model_params": 58891240,
  "wall_minutes": 8.0
}