{
  "found_logits": [
    0.0,
    -3.3296712761624936,
    -30.0,
    -30.0,
    -30.0,
    -30.0,
    -30.0,
    -2.7766699027903274,
    -30.0
  ],
  "found_counts": {
    "gdn2_recall": 29,
    "e97_track": 1,
    "count": 0,
    "latch": 0,
    "nonlin": 0,
    "gdn2_nonlin_shell": 0,
    "e97_raw": 0,
    "e97_delta": 2,
    "refit": 0
  },
  "shape": {
    "depth": 12,
    "n_heads": 32,
    "n_state": 32,
    "target_params": 60000000.0
  },
  "token_budget": 12000000,
  "wall_minutes": 8.0,
  "dtype": "bf16 uniform (fused)",
  "summary": {
    "gdn2_token": {
      "bpb_mean": 3.13158,
      "bpb_sd": 0.02924,
      "tokens_mean": 12001280,
      "tok_s_mean": 50320.6,
      "n": 2,
      "runs": [
        {
          "seed": 0,
          "bpb": 3.16082,
          "tokens": 12001280,
          "tok_s": 51409.0,
          "steps": 2930,
          "nan": false,
          "fused": true,
          "params": 57749632
        },
        {
          "seed": 1,
          "bpb": 3.10234,
          "tokens": 12001280,
          "tok_s": 49232.2,
          "steps": 2930,
          "nan": false,
          "fused": true,
          "params": 57749632
        }
      ]
    },
    "emender_found_token": {
      "bpb_mean": 3.33743,
      "bpb_sd": 0.0538,
      "tokens_mean": 12001280,
      "tok_s_mean": 27201.2,
      "n": 2,
      "runs": [
        {
          "seed": 0,
          "bpb": 3.28363,
          "tokens": 12001280,
          "tok_s": 27688.6,
          "steps": 2930,
          "nan": false,
          "fused": true,
          "params": 58891240
        },
        {
          "seed": 1,
          "bpb": 3.39123,
          "tokens": 12001280,
          "tok_s": 26713.8,
          "steps": 2930,
          "nan": false,
          "fused": true,
          "params": 58891240
        }
      ]
    },
    "gdn2_wall": {
      "bpb_mean": 3.4383,
      "bpb_sd": 0.05234,
      "tokens_mean": 22126592,
      "tok_s_mean": 49535.9,
      "n": 2,
      "runs": [
        {
          "seed": 0,
          "bpb": 3.49064,
          "tokens": 22872064,
          "tok_s": 51207.4,
          "steps": 5584,
          "nan": false,
          "fused": true,
          "params": 57749632
        },
        {
          "seed": 1,
          "bpb": 3.38596,
          "tokens": 21381120,
          "tok_s": 47864.3,
          "steps": 5220,
          "nan": false,
          "fused": true,
          "params": 57749632
        }
      ]
    },
    "emender_found_wall": {
      "bpb_mean": 3.31637,
      "bpb_sd": 0.03216,
      "tokens_mean": 12281856,
      "tok_s_mean": 27018.8,
      "n": 2,
      "runs": [
        {
          "seed": 0,
          "bpb": 3.28421,
          "tokens": 12705792,
          "tok_s": 27912.5,
          "steps": 3102,
          "nan": false,
          "fused": true,
          "params": 58891240
        },
        {
          "seed": 1,
          "bpb": 3.34854,
          "tokens": 11857920,
          "tok_s": 26125.0,
          "steps": 2895,
          "nan": false,
          "fused": true,
          "params": 58891240
        }
      ]
    }
  },
  "timestamp": "2026-06-11T00:08:04.553458Z"
}