{
  "name": "cma_g2_e2",
  "head_type_logits": [
    0.0,
    -5.6989926006194285,
    -30.0,
    -30.0,
    -30.0,
    -30.0,
    -30.0,
    1.1775685665886786,
    -30.0
  ],
  "dim": 384,
  "depth": 8,
  "n_heads": 32,
  "n_state": 32,
  "lr": 0.0012,
  "batch_size": 8,
  "chunk": 512,
  "eval_chunk": 512,
  "max_tokens": 6000000,
  "wall_minutes": 6.0,
  "seed": 0
}