{"params": {"dim": 2048, "n_heads": 360, "depth": 10, "mixture_nonlin": 0.005170998587527936, "lr": 0.0012443256643049952, "batch_size": 6}, "model_type": "emender", "eval_id": 26}