{"params": {"dim": 1280, "n_heads": 540, "depth": 10, "mixture_nonlin": 0.27239600155852306, "lr": 0.0023449298356515835, "batch_size": 1}, "model_type": "emender", "eval_id": 51}