{"params": {"dim": 1664, "n_heads": 314, "depth": 14, "mixture_nonlin": 0.1084263030321254, "lr": 0.002997566267102012, "batch_size": 1}, "model_type": "emender", "eval_id": 49}