{
  "modular_quadratic": {
    "baseline": 0.14285714285714285,
    "arms": {
      "e97-lin": {
        "best_test": 0.9980926513671875,
        "grokked": true,
        "min_grok_step": 500
      },
      "e97": {
        "best_test": 0.997772216796875,
        "grokked": true,
        "min_grok_step": 500
      },
      "gdn2": {
        "best_test": 0.999755859375,
        "grokked": true,
        "min_grok_step": 250
      }
    }
  }
}