{"params": {"dim": 1152, "n_heads": 241, "depth": 26, "mixture_nonlin": 0.15810712857086875, "lr": 0.0007956468711956358, "batch_size": 4}, "model_type": "emender", "eval_id": 11}