{"params": {"dim": 1280, "n_heads": 497, "depth": 11, "mixture_nonlin": 0.15782618444281574, "lr": 0.0007175363500243257, "batch_size": 12}, "model_type": "emender", "eval_id": 28}