{"params": {"dim": 1024, "n_heads": 470, "depth": 16, "mixture_nonlin": 0.054248390078008996, "lr": 0.0028106276096627565, "batch_size": 58}, "model_type": "emender", "eval_id": 12}