{"params": {"dim": 1536, "n_heads": 143, "depth": 33, "mixture_nonlin": 0.0524660141050908, "lr": 0.0009224328733030803, "batch_size": 8}, "model_type": "emender", "eval_id": 10}