{"params": {"dim": 1536, "n_heads": 351, "depth": 13, "mixture_nonlin": 0.15731774579640628, "lr": 0.00037943811682132205, "batch_size": 1}, "model_type": "emender", "eval_id": 42}