{
  "name": "cma_g0_e1",
  "head_type_logits": [
    0.0,
    -0.45386413473922715,
    -30.0,
    -30.0,
    -30.0,
    -30.0,
    -30.0,
    -1.204622923798615,
    -30.0
  ],
  "dim": 384,
  "depth": 8,
  "n_heads": 32,
  "n_state": 32,
  "lr": 0.0012,
  "batch_size": 8,
  "chunk": 512,
  "eval_chunk": 512,
  "max_tokens": 6000000,
  "wall_minutes": 6.0,
  "seed": 0
}