{
  "name": "cma_g0_e5",
  "head_type_logits": [
    0.0,
    -4.431482793919276,
    -30.0,
    -30.0,
    -30.0,
    -30.0,
    -30.0,
    -3.4268353856249245,
    -30.0
  ],
  "dim": 448,
  "depth": 8,
  "n_heads": 32,
  "n_state": 32,
  "lr": 0.0012,
  "batch_size": 8,
  "chunk": 512,
  "eval_chunk": 512,
  "max_tokens": 6000000,
  "wall_minutes": 6.0,
  "seed": 0
}