{"params": {"dim": 1280, "n_heads": 489, "depth": 11, "mixture_nonlin": 0.18628228418261, "lr": 0.0013160331887576383, "batch_size": 4}, "model_type": "emender", "eval_id": 41}