{"params": {"dim": 1024, "n_heads": 174, "depth": 43, "mixture_nonlin": 0.005850084919707517, "lr": 0.0027041793936357274, "batch_size": 5}, "model_type": "emender", "eval_id": 5}