{"params": {"dim": 1920, "n_heads": 118, "depth": 33, "mixture_nonlin": 0.04894503699105114, "lr": 0.0010538039381172003, "batch_size": 29}, "model_type": "emender", "eval_id": 3}