{"params": {"dim": 2944, "n_heads": 151, "depth": 15, "mixture_nonlin": 0.18270306262282224, "lr": 0.00021619241278434504, "batch_size": 4}, "model_type": "emender", "eval_id": 4}