{"params": {"dim": 1536, "n_heads": 368, "depth": 13, "mixture_nonlin": 0.08892650459376675, "lr": 0.002943672117863845, "batch_size": 2}, "model_type": "emender", "eval_id": 54}