{"params": {"dim": 1536, "n_heads": 445, "depth": 10, "mixture_nonlin": 0.24013199243640296, "lr": 0.0017713742682415388, "batch_size": 23}, "model_type": "emender", "eval_id": 20}