{"params": {"dim": 1024, "n_heads": 668, "depth": 10, "mixture_nonlin": 0.25202377128649867, "lr": 0.0017938960218365416, "batch_size": 3}, "model_type": "emender", "eval_id": 34}