{
  "ratios": [
    0.9500625059882973,
    0.9505219283592319,
    0.955294400247609,
    0.9611030016729228
  ],
  "mean": 0.9542454590670153
}