{
  "ceiling": 11211.082749122857,
  "rows": [
    {
      "n": 4,
      "seq": 9583.570346340672,
      "overlap": 10014.929928184594,
      "ratio_seq": 0.8548300428065683,
      "ratio_ov": 0.893306217810956
    },
    {
      "n": 8,
      "seq": 9370.601938307589,
      "overlap": 9669.559254981239,
      "ratio_seq": 0.8358338037457386,
      "ratio_ov": 0.8625000342395809
    },
    {
      "n": 16,
      "seq": 9565.346803067498,
      "overlap": 9621.45889757627,
      "ratio_seq": 0.8532045492051943,
      "ratio_ov": 0.8582096049847677
    }
  ]
}