{"params": {"dim": 1920, "n_heads": 221, "depth": 16, "mixture_nonlin": 0.23193822494235428, "lr": 0.0024827931313139546, "batch_size": 2}, "model_type": "emender", "eval_id": 52}