{
  "arm": "e88-linear",
  "model": "e88",
  "params": 7863676,
  "lr": 0.0026571129141058,
  "steps": 200,
  "seed": 42,
  "trained_acc": {
    "T128": 0.11895751953125,
    "T256": 0.0694580078125
  },
  "transition_form": "A_t = decay_t*I - k k^T   (eig: decay, decay-1)",
  "reflections_per_token": 1,
  "state_rank_update_per_token": 1,
  "allow_neg_eigval": null,
  "init_alongk_eig": {
    "name": "alongk_init",
    "n": 1556480,
    "min": -0.9996801018714905,
    "max": -1.627206802368164e-05,
    "mean": -0.1722743809223175,
    "std": 0.24363823235034943,
    "p0": -0.9996801018714905,
    "p1": -0.986373643875122,
    "p5": -0.7591879367828369,
    "p50": -0.05787089467048645,
    "p95": -0.0017783045768737793,
    "p99": -0.0003324747085571289,
    "p100": -1.627206802368164e-05,
    "frac_negative": 1.0,
    "frac_lt_-0.25": 0.2288439298930921,
    "frac_lt_-0.5": 0.13023360402960527
  },
  "init_perp_eig": {
    "name": "perp_init",
    "n": 1556480,
    "min": 0.0003198834019713104,
    "max": 0.9999837279319763,
    "mean": 0.827725350856781,
    "std": 0.24363821744918823,
    "p0": 0.0003198834019713104,
    "p1": 0.013626348385587335,
    "p5": 0.24081209301948547,
    "p50": 0.9421291053295135,
    "p95": 0.9982216954231262,
    "p99": 0.9996675252914429,
    "p100": 0.9999837279319763,
    "frac_negative": 0.0,
    "frac_lt_-0.25": 0.0,
    "frac_lt_-0.5": 0.0
  },
  "trained_alongk_eig": {
    "name": "alongk_trained",
    "n": 3112960,
    "min": -1.0,
    "max": -1.1920928955078125e-07,
    "mean": -0.20698612928390503,
    "std": 0.3230953812599182,
    "p0": -1.0,
    "p1": -1.0,
    "p5": -0.9902731209993363,
    "p50": -0.024505704641342163,
    "p95": -0.00031191110610961914,
    "p99": -8.589029312133789e-05,
    "p100": -1.1920928955078125e-07,
    "frac_negative": 1.0,
    "frac_lt_-0.25": 0.25751407020970396,
    "frac_lt_-0.5": 0.1875902677837171
  },
  "trained_perp_eig": {
    "name": "perp_trained",
    "n": 3112960,
    "min": 2.1460255396825627e-39,
    "max": 0.9999998807907104,
    "mean": 0.7930142283439636,
    "std": 0.3230954110622406,
    "p0": 2.1460255396825627e-39,
    "p1": 8.072189680585242e-26,
    "p5": 0.009726864704862238,
    "p50": 0.9754942953586578,
    "p95": 0.9996880888938904,
    "p99": 0.9999141097068787,
    "p100": 0.9999998807907104,
    "frac_negative": 0.0,
    "frac_lt_-0.25": 0.0,
    "frac_lt_-0.5": 0.0
  }
}