{
  "arm": "gdn",
  "model": "fla-gdn",
  "params": 7991600,
  "lr": 0.0012057618482640999,
  "steps": 400,
  "seed": 42,
  "trained_acc": {
    "T128": 0.06915283203125,
    "T256": 0.0395965576171875
  },
  "transition_form": "A_t = g_t*(I - beta_t k k^T)   (eig: g, g*(1-beta))",
  "reflections_per_token": 1,
  "state_rank_update_per_token": 1,
  "allow_neg_eigval": false,
  "init_alongk_eig": {
    "name": "alongk_init",
    "n": 196608,
    "min": 0.027970414608716965,
    "max": 0.8051737546920776,
    "mean": 0.4426228106021881,
    "std": 0.1576205939054489,
    "p0": 0.027970414608716965,
    "p1": 0.06464790031313897,
    "p5": 0.13981731235980988,
    "p50": 0.45798830687999725,
    "p95": 0.6807529330253601,
    "p99": 0.7607316619157786,
    "p100": 0.8051737546920776,
    "frac_negative": 0.0,
    "frac_lt_-0.25": 0.0,
    "frac_lt_-0.5": 0.0
  },
  "init_perp_eig": {
    "name": "perp_init",
    "n": 196608,
    "min": 0.1059568002820015,
    "max": 0.9988776445388794,
    "mean": 0.8824364542961121,
    "std": 0.20705141127109528,
    "p0": 0.1059568002820015,
    "p1": 0.21880551427602768,
    "p5": 0.29744285345077515,
    "p50": 0.972085565328598,
    "p95": 0.9957651495933533,
    "p99": 0.9987224769592286,
    "p100": 0.9988776445388794,
    "frac_negative": 0.0,
    "frac_lt_-0.25": 0.0,
    "frac_lt_-0.5": 0.0
  },
  "trained_alongk_eig": {
    "name": "alongk_trained",
    "n": 393216,
    "min": 1.1115233746750164e-06,
    "max": 0.9062093496322632,
    "mean": 0.14257903397083282,
    "std": 0.21900594234466553,
    "p0": 1.1115233746750164e-06,
    "p1": 4.539435667538783e-06,
    "p5": 0.0003039590155822225,
    "p50": 0.01754120085388422,
    "p95": 0.6968981474637985,
    "p99": 0.7627886533737183,
    "p100": 0.9062093496322632,
    "frac_negative": 0.0,
    "frac_lt_-0.25": 0.0,
    "frac_lt_-0.5": 0.0
  },
  "trained_perp_eig": {
    "name": "perp_trained",
    "n": 393216,
    "min": 1.8115377997673932e-06,
    "max": 0.9997013807296753,
    "mean": 0.887664794921875,
    "std": 0.24906061589717865,
    "p0": 1.8115377997673932e-06,
    "p1": 6.416661926778035e-06,
    "p5": 0.0030148550868034363,
    "p50": 0.9791207611560822,
    "p95": 0.9992884993553162,
    "p99": 0.9997013807296753,
    "p100": 0.9997013807296753,
    "frac_negative": 0.0,
    "frac_lt_-0.25": 0.0,
    "frac_lt_-0.5": 0.0
  }
}