{
  "slice": {
    "path": "/home/erikg/ndm/.wg-worktrees/agent-732/scripts/.pile_heldout_slice.txt",
    "sha256": "3e4241a946e76c31220d21ec45db3cec193d94227681357e72ca477ad77fe25a",
    "bytes": 9999511
  },
  "config": {
    "context": 2048,
    "stride": 1024,
    "dtype": "bfloat16",
    "tokenizer": "p50k_base",
    "kernel": "live training (use_triton/XMA as trained)",
    "schedulefree_swap": "y-mode (optimizer.train())",
    "formula": "bpb=(sum NLL nats/ln2)/total_utf8_bytes",
    "gpu": "GPU0 RTX6000Ada"
  },
  "results": [
    {
      "name": "e88",
      "checkpoint": "/tmp/e88gdn_bpb/ckpts/e88/checkpoint_step_1542000_loss_2.5970.pt",
      "step": 1542000,
      "ckpt_train_loss_nats": 2.596950294971466,
      "params": 1273191856,
      "params_billions": 1.273,
      "block_loss_nats": 1.809225082397461,
      "block_loss_sane": true,
      "tokenizer": "p50k_base",
      "tokens_scored": 2616009,
      "seq_len": 2616010,
      "bytes": 9999511,
      "bytes_per_token": 3.822,
      "nll_nats_sum": 6696445.358520508,
      "nats_per_token": 2.5597944649733653,
      "bpb": 0.9661400952828046,
      "ppl_token": 12.933158825202385,
      "context": 2048,
      "stride": 1024,
      "seconds": 2977.4,
      "batch_size": 8
    },
    {
      "name": "fla-gdn",
      "checkpoint": "/tmp/e88gdn_bpb/ckpts/gdn/checkpoint_step_2031000_loss_2.7303.pt",
      "step": 2031000,
      "ckpt_train_loss_nats": 2.7302789855003358,
      "params": 1352352498,
      "params_billions": 1.352,
      "block_loss_nats": 1.6022497415542603,
      "block_loss_sane": true,
      "tokenizer": "p50k_base",
      "tokens_scored": 2616009,
      "seq_len": 2616010,
      "bytes": 9999511,
      "bytes_per_token": 3.822,
      "nll_nats_sum": 6696323.5673828125,
      "nats_per_token": 2.5597479088882387,
      "bpb": 0.9661225236765155,
      "ppl_token": 12.932556721975056,
      "context": 2048,
      "stride": 1024,
      "seconds": 454.3,
      "batch_size": 8
    },
    {
      "name": "m2rnn",
      "checkpoint": "/tmp/e88gdn_bpb/ckpts/m2rnn/checkpoint_step_1491000_loss_2.7347.pt",
      "step": 1491000,
      "ckpt_train_loss_nats": 2.734725043773651,
      "params": 1307101140,
      "params_billions": 1.307,
      "block_loss_nats": 1.7105852365493774,
      "block_loss_sane": true,
      "tokenizer": "p50k_base",
      "tokens_scored": 2616009,
      "seq_len": 2616010,
      "bytes": 9999511,
      "bytes_per_token": 3.822,
      "nll_nats_sum": 6663033.26574707,
      "nats_per_token": 2.547022302196617,
      "bpb": 0.9613195135013596,
      "ppl_token": 12.769024819819881,
      "context": 2048,
      "stride": 1024,
      "seconds": 486.0,
      "batch_size": 8
    }
  ]
}