{
  "overlap_keys": 87,
  "keys_with_any_diff(>1e-6)": 75,
  "keys_with_big_diff(>1e-3)": 75,
  "sample_big_diffs": {
    "embedding.weight": {
      "max_abs_diff": 0.166015625,
      "mean_abs_diff": 0.003653727238997817
    },
    "layer_norms.0.weight": {
      "max_abs_diff": 0.03125,
      "mean_abs_diff": 0.0030517578125
    },
    "layer_norms.1.weight": {
      "max_abs_diff": 0.0234375,
      "mean_abs_diff": 0.0026808518450707197
    },
    "layer_norms.10.weight": {
      "max_abs_diff": 0.0234375,
      "mean_abs_diff": 0.0029578576795756817
    },
    "layer_norms.11.weight": {
      "max_abs_diff": 0.0234375,
      "mean_abs_diff": 0.003767747199162841
    },
    "layer_norms.2.weight": {
      "max_abs_diff": 0.0234375,
      "mean_abs_diff": 0.0029531626496464014
    }
  },
  "source_pt_nats": 18.046915062145928,
  "source_pt_verdict": "xmode/broken",
  "hf_safetensors_nats": 17.809841018143192,
  "hf_safetensors_verdict": "xmode/broken"
}