{
  "r_h_mode=none": 17.42605740613553,
  "r_h_mode=auto": 17.42605740613553
}