{
  "data": "data/pile.txt",
  "corpus_bytes": 1307910802540,
  "tokenizer": "p50k_base",
  "chunk_tokens": 2048,
  "samples": 2000,
  "seed": 42,
  "drop_first_token": true,
  "snap_delimiter": false,
  "mean_bytes_per_token": 3.918625,
  "stdev_bytes_per_token": 0.743248495208256,
  "sem_bytes_per_token": 0.01661954159460087,
  "median_bytes_per_token": 4.079833984375,
  "p05_bytes_per_token": 2.3261474609375004,
  "p95_bytes_per_token": 4.861865234375,
  "mean_bytes_per_window": 8025.344,
  "bits_per_byte_per_nat_per_token": 0.3681635882200934,
  "conversions": [
    {
      "nats_per_token": 2.66,
      "bits_per_token": 3.837568808764643,
      "bits_per_byte": 0.9793151446654484
    },
    {
      "nats_per_token": 2.68,
      "bits_per_token": 3.866422709582422,
      "bits_per_byte": 0.9866784164298503
    },
    {
      "nats_per_token": 2.77,
      "bits_per_token": 3.996265263262429,
      "bits_per_byte": 1.0198131393696586
    }
  ]
}
