{
  "_meta": {
    "clean_cache": "/tmp/republish-v03-readback-clean-cache-gpu0fresh",
    "slice_bytes": 9999511,
    "tokens": 2616010,
    "context": 2048,
    "stride": 1024,
    "path": "AutoModelForCausalLM.from_pretrained(repo, revision='v0.3', trust_remote_code=True)"
  },
  "emender-e88-1.3b": {
    "repo": "poietic-pbc/emender-e88-1.3b",
    "ref_nats": 2.5597944649733653,
    "ref_bpb": 0.9661400952828046,
    "load_seconds": 23.4,
    "block_nats": 1.8084653615951538,
    "full_slice": {
      "tokens_scored": 2616009,
      "seq_len": 2616010,
      "bytes": 9999511,
      "bytes_per_token": 3.822,
      "nll_nats_sum": 6696395.285888672,
      "nats_per_token": 2.559775324124906,
      "bpb": 0.9661328709757726,
      "ppl_token": 12.932911275938373,
      "context": 2048,
      "stride": 1024,
      "seconds": 2541.5,
      "delta_nats_vs_harness": -1.914084845910935e-05,
      "delta_bpb_vs_harness": -7.2243070320388014e-06
    },
    "gate_pass": true,
    "verdict": "SANE"
  },
  "gdn-1.3b": {
    "repo": "poietic-pbc/gdn-1.3b",
    "ref_nats": 2.5597479088882387,
    "ref_bpb": 0.9661225236765155,
    "load_seconds": 25.9,
    "block_nats": 1.6022497415542603,
    "full_slice": {
      "tokens_scored": 2616009,
      "seq_len": 2616010,
      "bytes": 9999511,
      "bytes_per_token": 3.822,
      "nll_nats_sum": 6696323.5673828125,
      "nats_per_token": 2.5597479088882387,
      "bpb": 0.9661225236765155,
      "ppl_token": 12.932556721975056,
      "context": 2048,
      "stride": 1024,
      "seconds": 189.9,
      "delta_nats_vs_harness": 0.0,
      "delta_bpb_vs_harness": 0.0
    },
    "gate_pass": true,
    "verdict": "SANE"
  },
  "m2rnn-cma-1.3b": {
    "repo": "poietic-pbc/m2rnn-cma-1.3b",
    "ref_nats": 2.547022302196617,
    "ref_bpb": 0.9613195135013596,
    "load_seconds": 23.8,
    "block_nats": 1.7105852365493774,
    "full_slice": {
      "tokens_scored": 2616009,
      "seq_len": 2616010,
      "bytes": 9999511,
      "bytes_per_token": 3.822,
      "nll_nats_sum": 6663033.26574707,
      "nats_per_token": 2.547022302196617,
      "bpb": 0.9613195135013596,
      "ppl_token": 12.769024819819881,
      "context": 2048,
      "stride": 1024,
      "seconds": 199.3,
      "delta_nats_vs_harness": 0.0,
      "delta_bpb_vs_harness": 0.0
    },
    "gate_pass": true,
    "verdict": "SANE"
  },
  "_all_sane": true
}