{
  "_meta": {
    "clean_cache": "/tmp/republish-v03-readback-clean-cache",
    "slice_bytes": 9999511,
    "tokens": 2616010,
    "context": 2048,
    "stride": 1024,
    "path": "AutoModelForCausalLM.from_pretrained(repo, revision='v0.3', trust_remote_code=True)"
  },
  "emender-e88-1.3b": {
    "repo": "poietic-pbc/emender-e88-1.3b",
    "ref_nats": 2.5597944649733653,
    "ref_bpb": 0.9661400952828046,
    "load_seconds": 1.9,
    "block_nats": 1.8072670698165894,
    "full_slice": {
      "tokens_scored": 2616009,
      "seq_len": 2616010,
      "bytes": 9999511,
      "bytes_per_token": 3.822,
      "nll_nats_sum": 6696455.741699219,
      "nats_per_token": 2.5597984340647217,
      "bpb": 0.9661415933321027,
      "ppl_token": 12.933210158193162,
      "context": 2048,
      "stride": 1024,
      "seconds": 2600.7,
      "delta_nats_vs_harness": 3.9690913564705e-06,
      "delta_bpb_vs_harness": 1.4980492980543048e-06
    },
    "gate_pass": true,
    "verdict": "SANE"
  },
  "gdn-1.3b": {
    "repo": "poietic-pbc/gdn-1.3b",
    "ref_nats": 2.5597479088882387,
    "ref_bpb": 0.9661225236765155,
    "load_seconds": 6.1,
    "block_nats": 1.6022497415542603,
    "full_slice": {
      "tokens_scored": 2616009,
      "seq_len": 2616010,
      "bytes": 9999511,
      "bytes_per_token": 3.822,
      "nll_nats_sum": 6696323.5673828125,
      "nats_per_token": 2.5597479088882387,
      "bpb": 0.9661225236765155,
      "ppl_token": 12.932556721975056,
      "context": 2048,
      "stride": 1024,
      "seconds": 189.2,
      "delta_nats_vs_harness": 0.0,
      "delta_bpb_vs_harness": 0.0
    },
    "gate_pass": true,
    "verdict": "SANE"
  },
  "m2rnn-cma-1.3b": {
    "repo": "poietic-pbc/m2rnn-cma-1.3b",
    "ref_nats": 2.547022302196617,
    "ref_bpb": 0.9613195135013596,
    "load_seconds": 6.1,
    "block_nats": 1.7105852365493774,
    "full_slice": {
      "tokens_scored": 2616009,
      "seq_len": 2616010,
      "bytes": 9999511,
      "bytes_per_token": 3.822,
      "nll_nats_sum": 6663033.26574707,
      "nats_per_token": 2.547022302196617,
      "bpb": 0.9613195135013596,
      "ppl_token": 12.769024819819881,
      "context": 2048,
      "stride": 1024,
      "seconds": 199.7,
      "delta_nats_vs_harness": 0.0,
      "delta_bpb_vs_harness": 0.0
    },
    "gate_pass": true,
    "verdict": "SANE"
  },
  "_all_sane": true
}