{
  "e88": {
    "tokens_scored": 2616009,
    "seq_len": 2616010,
    "bytes": 9999511,
    "bytes_per_token": 3.822,
    "nll_nats_sum": 6696499.275146484,
    "nats_per_token": 2.559815075233489,
    "bpb": 0.966147874188085,
    "ppl_token": 12.933425383716907,
    "context": 2048,
    "stride": 1024,
    "block_nats": 1.8088929653167725,
    "ref_nats": 2.5597944649733653,
    "delta_vs_ref": 2.0610260123898883e-05,
    "gate_pass": true
  },
  "gdn": {
    "tokens_scored": 2616009,
    "seq_len": 2616010,
    "bytes": 9999511,
    "bytes_per_token": 3.822,
    "nll_nats_sum": 6696669.474609375,
    "nats_per_token": 2.5598801359664187,
    "bpb": 0.9661724299809706,
    "ppl_token": 12.934266869225196,
    "context": 2048,
    "stride": 1024,
    "block_nats": 1.6049178838729858,
    "ref_nats": 2.5597479088882387,
    "delta_vs_ref": 0.0001322270781800583,
    "gate_pass": true
  },
  "m2rnn": {
    "tokens_scored": 2616009,
    "seq_len": 2616010,
    "bytes": 9999511,
    "bytes_per_token": 3.822,
    "nll_nats_sum": 6663033.26574707,
    "nats_per_token": 2.547022302196617,
    "bpb": 0.9613195135013596,
    "ppl_token": 12.769024819819881,
    "context": 2048,
    "stride": 1024,
    "block_nats": 1.7105852365493774,
    "ref_nats": 2.547022302196617,
    "delta_vs_ref": 0.0,
    "gate_pass": true
  }
}