{"params": {"dim": 2048, "n_heads": 150, "depth": 23, "mixture_nonlin": 0.07357289786391118, "lr": 0.001347414274287678, "batch_size": 13}, "model_type": "emender", "eval_id": 0}