{
  "probe_origin": "opt-norm",
  "tau": 0.95,
  "ceilings": {
    "recall": 0.95166015625,
    "counting": 0.8962461683485244,
    "step_growth": 0.9714715745713974,
    "track": 0.9996846516927084
  },
  "source": {
    "recall": "B_gdn_lr1e3",
    "counting": "spec_refit",
    "step_growth": "spec_refit",
    "track": "B_gdn_lr1e3"
  },
  "best_lr_arm": "B_gdn_lr1e3",
  "lr_sanity": {
    "B_gdn_lr3e4": {
      "recall": 0.94287109375,
      "track": 0.9999720255533854,
      "score": 0.9714215596516926
    },
    "B_gdn_lr5e4": {
      "recall": 0.942626953125,
      "track": 0.999725341796875,
      "score": 0.9711761474609375
    },
    "B_gdn_lr1e3": {
      "recall": 0.95166015625,
      "track": 0.9996846516927084,
      "score": 0.9756724039713542
    }
  },
  "corners": {
    "recall": [
      "mqar_recall"
    ],
    "counting": [
      "modular_counter_K5",
      "dyck_depth_unbounded",
      "anbncn_viability"
    ],
    "step_growth": [
      "modular_quadratic_K64",
      "iterated_nonlinear_map"
    ],
    "track": [
      "s5_permutation"
    ]
  },
  "ceilings_hash": "74352db2810735da"
}