{"params": {"dim": 1024, "n_heads": 494, "depth": 14, "mixture_nonlin": 0.2666906627128727, "lr": 0.00117749305800382, "batch_size": 2}, "model_type": "emender", "eval_id": 60}