{"params": {"dim": 2048, "n_heads": 169, "depth": 21, "mixture_nonlin": 0.018054412532646325, "lr": 0.0010380933186024915, "batch_size": 118}, "model_type": "emender", "eval_id": 23}