{
  "best": {
    "hash": "6e33ac42f500",
    "cfg": {
      "dim": 240,
      "depth": 4,
      "n_heads": 48,
      "n_state": 32,
      "lr": 0.0009946015995003679,
      "lam_max": 1.585,
      "beta_max": 2.747,
      "head_type_logits": [
        3.9995,
        -1.9008,
        -0.9211,
        -2.8866,
        2.4146
      ],
      "type_counts": {
        "gdn2_recall": 40,
        "e97_track": 0,
        "count": 0,
        "latch": 0,
        "nonlin": 8
      },
      "actual_params": 8055872
    },
    "fitness": 0.8513350268302371,
    "mean": 0.9078702489729742,
    "min": 0.7947998046875,
    "per_probe": {
      "mqar_recall": 0.7947998046875,
      "s5_permutation": 0.9836521148681641,
      "anbncn_viability": 0.9021053314208984,
      "flag_hold_recall": 1.0,
      "iterated_nonlinear_map": 0.9190597534179688,
      "mixed_probe": 0.847604489443314
    }
  },
  "gens_run": 8,
  "best_fit_hist": [
    0.6693816939400643,
    0.7158252382641015,
    0.7775181976923267,
    0.7886605181427111,
    0.7979024346366346,
    0.8513350268302371,
    0.8513350268302371,
    0.8513350268302371,
    0.8513350268302371
  ],
  "objective": "fitness = 0.5*mean + 0.5*min over 6 probes",
  "search": {
    "target_params": 8000000.0,
    "steps": 2000,
    "seeds": [
      42
    ],
    "popsize": 8,
    "lhs_samples": 14,
    "depth": 4,
    "n_heads": 48,
    "n_state": 32,
    "lam_max": 1.585,
    "beta_max": 2.747,
    "type_order": [
      "gdn2_recall",
      "e97_track",
      "count",
      "latch",
      "nonlin"
    ]
  }
}