{"params": {"dim": 1536, "n_heads": 259, "depth": 17, "mixture_nonlin": 0.35798430462428976, "lr": 0.0025204594164524204, "batch_size": 6}, "model_type": "emender", "eval_id": 40}