step,tokens,ce,bpb,split,checkpoint
21500,176128000,3.83885730,1.40383136,primary,/mnt/nvme1n1/erikg/ref_emender_mlp/runs/levelE97_100m_20260615_211750/checkpoint_step_021500_loss_3.7778.pt
43000,352256000,3.51123580,1.28402349,primary,/mnt/nvme1n1/erikg/ref_emender_mlp/runs/levelE97_100m_20260615_211750/checkpoint_step_043000_loss_3.6134.pt
64500,528384000,3.74716352,1.37029987,primary,/mnt/nvme1n1/erikg/ref_emender_mlp/runs/levelE97_100m_20260615_211750/checkpoint_step_064500_loss_3.1246.pt
86000,704512000,3.40743598,1.24606494,primary,/mnt/nvme1n1/erikg/ref_emender_mlp/runs/levelE97_100m_20260615_211750/checkpoint_step_086000_loss_3.2462.pt
107500,880640000,3.51606359,1.28578896,primary,/mnt/nvme1n1/erikg/ref_emender_mlp/runs/levelE97_100m_20260615_211750/checkpoint_step_107500_loss_2.9974.pt
