model,step,tokens,ce,bpb
emender,21500,176128000,3.83796933,1.40350664
emender,43000,352256000,3.51076267,1.28385047
emender,64500,528384000,3.74483331,1.36944774
emender,86000,704512000,3.41062167,1.24722992
emender,107500,880640000,3.51953348,1.28705787
gdn2,25000,204800000,3.49143305,1.27678182
gdn2,50000,409600000,3.22682111,1.18001591
gdn2,75000,614400000,3.09937277,1.13340933
gdn2,100000,819200000,3.02445286,1.10601188
gdn2,125000,1024000000,2.97009945,1.08613539
