model,step,tokens,ce,bpb
emender,21500,176128000,3.83885730,1.40383136
emender,43000,352256000,3.51123580,1.28402349
emender,64500,528384000,3.74716352,1.37029987
emender,86000,704512000,3.40743598,1.24606494
emender,107500,880640000,3.51606359,1.28578896
gdn2,25000,204800000,3.49143320,1.27678188
gdn2,50000,409600000,3.22683217,1.18001995
gdn2,75000,614400000,3.09938882,1.13341521
gdn2,100000,819200000,3.02444278,1.10600820
gdn2,125000,1024000000,2.97012184,1.08614358
