tokens,emender_bpb,gdn2_bpb,emender_minus_gdn2,leader_lower_bpb
300000000,1.319570,1.231803,+0.087767,gdn2
400000000,1.307411,1.184556,+0.122855,gdn2
500000000,1.356396,1.159448,+0.196948,gdn2
600000000,1.319784,1.136692,+0.183092,gdn2
700000000,1.249248,1.121960,+0.127288,gdn2
800000000,1.267601,1.108578,+0.159024,gdn2
880640000,1.285789,1.100049,+0.185740,gdn2
