tokens,emender_bpb,gdn2_bpb,emender_minus_gdn2,leader_lower_bpb
300000000,1.319352,1.231801,+0.087551,gdn2
400000000,1.307054,1.184552,+0.122502,gdn2
500000000,1.355653,1.159443,+0.196210,gdn2
600000000,1.319752,1.136686,+0.183066,gdn2
700000000,1.250361,1.121958,+0.128403,gdn2
800000000,1.268823,1.108580,+0.160242,gdn2
880640000,1.287058,1.100049,+0.187009,gdn2
