{
  "task": "modular_quadratic",
  "arm": "e97",
  "pattern": [
    "E97",
    "E97"
  ],
  "dim": 256,
  "depth": 2,
  "n_state": 32,
  "n_heads": 8,
  "mlp_ratio": 4.0,
  "seq_len": 128,
  "batch_size": 64,
  "n_train": 128,
  "n_test": 512,
  "lr": 0.001,
  "weight_decay": 1.0,
  "steps": 600,
  "eval_interval": 200,
  "seed": 0,
  "K": 64,
  "params": 2512160,
  "grok_acc": 0.9,
  "train_sat_acc": 0.95,
  "random_baseline_acc": 0.015625,
  "curve": [
    {
      "step": 0,
      "train_loss": 234.85684204101562,
      "train_acc": 0.0977783203125,
      "train_eval_loss": 198.56534576416016,
      "test_acc": 0.09625244140625,
      "test_loss": 198.80270767211914,
      "elapsed_s": 5.131710529327393
    },
    {
      "step": 200,
      "train_loss": 0.9631972312927246,
      "train_acc": 0.5367431640625,
      "train_eval_loss": 0.9219035506248474,
      "test_acc": 0.4817657470703125,
      "test_loss": 1.0228410214185715,
      "elapsed_s": 8.241487503051758
    },
    {
      "step": 400,
      "train_loss": 0.6477539539337158,
      "train_acc": 0.6697998046875,
      "train_eval_loss": 0.655186802148819,
      "test_acc": 0.5037689208984375,
      "test_loss": 0.9909539148211479,
      "elapsed_s": 11.239518404006958
    },
    {
      "step": 599,
      "train_loss": 0.273957759141922,
      "train_acc": 0.87713623046875,
      "train_eval_loss": 0.2824777513742447,
      "test_acc": 0.500091552734375,
      "test_loss": 1.6744823604822159,
      "elapsed_s": 14.237794160842896
    }
  ],
  "final_train_acc": 0.87713623046875,
  "final_test_acc": 0.500091552734375,
  "final_test_loss": 1.6744823604822159,
  "grok_step": null,
  "memorize_step": null,
  "grokked": false,
  "best_test_acc": 0.5037689208984375,
  "elapsed_total_s": 15.17452073097229,
  "length_extrap": {
    "128": 0.503173828125,
    "256": 0.4981842041015625
  }
}