{"params": {"dim": 1408, "n_heads": 505, "depth": 10, "mixture_nonlin": 0.20675805108395262, "lr": 0.00153038036083419, "batch_size": 8}, "model_type": "emender", "eval_id": 35}