{"params": {"dim": 1408, "n_heads": 136, "depth": 37, "mixture_nonlin": 0.14491451814792977, "lr": 0.0003800798044031735, "batch_size": 10}, "model_type": "emender", "eval_id": 14}