{"params": {"dim": 1408, "n_heads": 478, "depth": 11, "mixture_nonlin": 0.11521800260642895, "lr": 0.0024954701155493245, "batch_size": 21}, "model_type": "emender", "eval_id": 32}