{"params": {"dim": 1664, "n_heads": 396, "depth": 10, "mixture_nonlin": 0.37105431821105983, "lr": 0.0017290615018101373, "batch_size": 7}, "model_type": "emender", "eval_id": 45}