{"params": {"dim": 1664, "n_heads": 362, "depth": 11, "mixture_nonlin": 0.3155334586245775, "lr": 0.002959839880673793, "batch_size": 1}, "model_type": "emender", "eval_id": 43}