{"params": {"dim": 1280, "n_heads": 379, "depth": 15, "mixture_nonlin": 0.1301560819258498, "lr": 0.00025121119043102, "batch_size": 8}, "model_type": "emender", "eval_id": 7}