{"params": {"dim": 1024, "n_heads": 528, "depth": 13, "mixture_nonlin": 0.2169899546389485, "lr": 0.002416240606388759, "batch_size": 9}, "model_type": "emender", "eval_id": 46}