{"params": {"dim": 1664, "n_heads": 377, "depth": 12, "mixture_nonlin": 0.0004464071260014945, "lr": 0.002554598074803187, "batch_size": 7}, "model_type": "emender", "eval_id": 21}