{
  "name": "cma_g10_e3",
  "head_type_logits": [
    0.0,
    -2.396472796049435,
    -30.0,
    -30.0,
    -30.0,
    -30.0,
    -30.0,
    -2.823711975849451,
    -30.0
  ],
  "dim": 448,
  "depth": 8,
  "n_heads": 32,
  "n_state": 32,
  "lr": 0.0012,
  "batch_size": 8,
  "chunk": 512,
  "eval_chunk": 512,
  "max_tokens": 6000000,
  "wall_minutes": 6.0,
  "seed": 0
}