{"params": {"dim": 1280, "n_heads": 453, "depth": 13, "mixture_nonlin": 0.07856185886387837, "lr": 0.002358987160419297, "batch_size": 24}, "model_type": "emender", "eval_id": 16}