{"params": {"dim": 1024, "n_heads": 352, "depth": 21, "mixture_nonlin": 0.014072385018220526, "lr": 0.0008473663549160062, "batch_size": 12}, "model_type": "emender", "eval_id": 30}